Command line invocation:
    /Applications/Xcode_26.3.app/Contents/Developer/usr/bin/xcodebuild test -project Kept.xcodeproj -scheme Kept -destination "platform=iOS Simulator,id=DC4CD8B3-4457-4153-9087-A0D7A2F9BFD9" "-only-testing:KeptUITests" -resultBundlePath Journeys.xcresult CODE_SIGNING_ALLOWED=NO

Build settings from command line:
    CODE_SIGNING_ALLOWED = NO

Writing result bundle at path:
	/Users/runner/work/Appsales/Appsales/Journeys.xcresult

ComputePackagePrebuildTargetDependencyGraph

Prepare packages

CreateBuildRequest

SendProjectDescription

CreateBuildOperation

ComputeTargetDependencyGraph
note: Building targets in dependency order
note: Target dependency graph (4 targets)
    Target 'KeptUITests' in project 'Kept'
        ➜ Explicit dependency on target 'Kept' in project 'Kept'
    Target 'KeptTests' in project 'Kept'
        ➜ Explicit dependency on target 'Kept' in project 'Kept'
    Target 'Kept' in project 'Kept'
        ➜ Explicit dependency on target 'KeptWidget' in project 'Kept'
    Target 'KeptWidget' in project 'Kept' (no dependencies)

GatherProvisioningInputs

CreateBuildDescription

ExecuteExternalTool /Applications/Xcode_26.3.app/Contents/Developer/Toolchains/XcodeDefault.xctoolchain/usr/bin/swiftc --version

ExecuteExternalTool /Applications/Xcode_26.3.app/Contents/Developer/usr/bin/actool --print-asset-tag-combinations --output-format xml1 /Users/runner/work/Appsales/Appsales/Kept/Assets.xcassets

ExecuteExternalTool /Applications/Xcode_26.3.app/Contents/Developer/Toolchains/XcodeDefault.xctoolchain/usr/bin/clang -v -E -dM -isysroot /Applications/Xcode_26.3.app/Contents/Developer/Platforms/iPhoneSimulator.platform/Developer/SDKs/iPhoneSimulator26.2.sdk -x c -c /dev/null

ExecuteExternalTool /Applications/Xcode_26.3.app/Contents/Developer/Toolchains/XcodeDefault.xctoolchain/usr/bin/ld -version_details

ExecuteExternalTool /Applications/Xcode_26.3.app/Contents/Developer/usr/bin/actool --version --output-format xml1

Build description signature: a985c7544485ca1c130a4b22f659a1da
Build description path: /Users/runner/Library/Developer/Xcode/DerivedData/Kept-epodaxjxwtzzpkappqnvuufzksrb/Build/Intermediates.noindex/XCBuildData/a985c7544485ca1c130a4b22f659a1da.xcbuilddata
ClangStatCache /Applications/Xcode_26.3.app/Contents/Developer/Toolchains/XcodeDefault.xctoolchain/usr/bin/clang-stat-cache /Applications/Xcode_26.3.app/Contents/Developer/Platforms/iPhoneSimulator.platform/Developer/SDKs/iPhoneSimulator26.2.sdk /Users/runner/Library/Developer/Xcode/DerivedData/SDKStatCaches.noindex/iphonesimulator26.2-23C57-dc75598d0054f22ec865fa860f139d72e244bd9a5feaf902f95f61bf06266e52.sdkstatcache
    cd /Users/runner/work/Appsales/Appsales/Kept.xcodeproj
    /Applications/Xcode_26.3.app/Contents/Developer/Toolchains/XcodeDefault.xctoolchain/usr/bin/clang-stat-cache /Applications/Xcode_26.3.app/Contents/Developer/Platforms/iPhoneSimulator.platform/Developer/SDKs/iPhoneSimulator26.2.sdk -o /Users/runner/Library/Developer/Xcode/DerivedData/SDKStatCaches.noindex/iphonesimulator26.2-23C57-dc75598d0054f22ec865fa860f139d72e244bd9a5feaf902f95f61bf06266e52.sdkstatcache

CreateBuildDirectory /Users/runner/Library/Developer/Xcode/DerivedData/Kept-epodaxjxwtzzpkappqnvuufzksrb/Build/Products
    cd /Users/runner/work/Appsales/Appsales/Kept.xcodeproj
    builtin-create-build-directory /Users/runner/Library/Developer/Xcode/DerivedData/Kept-epodaxjxwtzzpkappqnvuufzksrb/Build/Products

CreateBuildDirectory /Users/runner/Library/Developer/Xcode/DerivedData/Kept-epodaxjxwtzzpkappqnvuufzksrb/Build/Intermediates.noindex
    cd /Users/runner/work/Appsales/Appsales/Kept.xcodeproj
    builtin-create-build-directory /Users/runner/Library/Developer/Xcode/DerivedData/Kept-epodaxjxwtzzpkappqnvuufzksrb/Build/Intermediates.noindex

WriteAuxiliaryFile /Users/runner/Library/Developer/Xcode/DerivedData/Kept-epodaxjxwtzzpkappqnvuufzksrb/Build/Intermediates.noindex/Kept.build/Debug-iphonesimulator/Kept-eee7701cf59dafc31ace6307d00d0bbc-VFS-iphonesimulator/all-product-headers.yaml
    cd /Users/runner/work/Appsales/Appsales/Kept.xcodeproj
    write-file /Users/runner/Library/Developer/Xcode/DerivedData/Kept-epodaxjxwtzzpkappqnvuufzksrb/Build/Intermediates.noindex/Kept.build/Debug-iphonesimulator/Kept-eee7701cf59dafc31ace6307d00d0bbc-VFS-iphonesimulator/all-product-headers.yaml

CreateBuildDirectory /Users/runner/Library/Developer/Xcode/DerivedData/Kept-epodaxjxwtzzpkappqnvuufzksrb/Build/Products/Debug-iphonesimulator
    cd /Users/runner/work/Appsales/Appsales/Kept.xcodeproj
    builtin-create-build-directory /Users/runner/Library/Developer/Xcode/DerivedData/Kept-epodaxjxwtzzpkappqnvuufzksrb/Build/Products/Debug-iphonesimulator

CreateBuildDirectory /Users/runner/Library/Developer/Xcode/DerivedData/Kept-epodaxjxwtzzpkappqnvuufzksrb/Build/Intermediates.noindex/SwiftExplicitPrecompiledModules
    cd /Users/runner/work/Appsales/Appsales/Kept.xcodeproj
    builtin-create-build-directory /Users/runner/Library/Developer/Xcode/DerivedData/Kept-epodaxjxwtzzpkappqnvuufzksrb/Build/Intermediates.noindex/SwiftExplicitPrecompiledModules

CreateBuildDirectory /Users/runner/Library/Developer/Xcode/DerivedData/Kept-epodaxjxwtzzpkappqnvuufzksrb/Build/Intermediates.noindex/ExplicitPrecompiledModules
    cd /Users/runner/work/Appsales/Appsales/Kept.xcodeproj
    builtin-create-build-directory /Users/runner/Library/Developer/Xcode/DerivedData/Kept-epodaxjxwtzzpkappqnvuufzksrb/Build/Intermediates.noindex/ExplicitPrecompiledModules

CreateBuildDirectory /Users/runner/Library/Developer/Xcode/DerivedData/Kept-epodaxjxwtzzpkappqnvuufzksrb/Build/Intermediates.noindex/EagerLinkingTBDs/Debug-iphonesimulator
    cd /Users/runner/work/Appsales/Appsales/Kept.xcodeproj
    builtin-create-build-directory /Users/runner/Library/Developer/Xcode/DerivedData/Kept-epodaxjxwtzzpkappqnvuufzksrb/Build/Intermediates.noindex/EagerLinkingTBDs/Debug-iphonesimulator

WriteAuxiliaryFile /Users/runner/Library/Developer/Xcode/DerivedData/Kept-epodaxjxwtzzpkappqnvuufzksrb/Build/Intermediates.noindex/Kept.build/Debug-iphonesimulator/KeptWidget.build/Objects-normal/arm64/KeptWidget_const_extract_protocols.json (in target 'KeptWidget' from project 'Kept')
    cd /Users/runner/work/Appsales/Appsales
    write-file /Users/runner/Library/Developer/Xcode/DerivedData/Kept-epodaxjxwtzzpkappqnvuufzksrb/Build/Intermediates.noindex/Kept.build/Debug-iphonesimulator/KeptWidget.build/Objects-normal/arm64/KeptWidget_const_extract_protocols.json

WriteAuxiliaryFile /Users/runner/Library/Developer/Xcode/DerivedData/Kept-epodaxjxwtzzpkappqnvuufzksrb/Build/Intermediates.noindex/Kept.build/Debug-iphonesimulator/KeptWidget.build/Objects-normal/arm64/KeptWidget.SwiftFileList (in target 'KeptWidget' from project 'Kept')
    cd /Users/runner/work/Appsales/Appsales
    write-file /Users/runner/Library/Developer/Xcode/DerivedData/Kept-epodaxjxwtzzpkappqnvuufzksrb/Build/Intermediates.noindex/Kept.build/Debug-iphonesimulator/KeptWidget.build/Objects-normal/arm64/KeptWidget.SwiftFileList

WriteAuxiliaryFile /Users/runner/Library/Developer/Xcode/DerivedData/Kept-epodaxjxwtzzpkappqnvuufzksrb/Build/Intermediates.noindex/Kept.build/Debug-iphonesimulator/KeptWidget.build/Objects-normal/arm64/KeptWidget.SwiftConstValuesFileList (in target 'KeptWidget' from project 'Kept')
    cd /Users/runner/work/Appsales/Appsales
    write-file /Users/runner/Library/Developer/Xcode/DerivedData/Kept-epodaxjxwtzzpkappqnvuufzksrb/Build/Intermediates.noindex/Kept.build/Debug-iphonesimulator/KeptWidget.build/Objects-normal/arm64/KeptWidget.SwiftConstValuesFileList

WriteAuxiliaryFile /Users/runner/Library/Developer/Xcode/DerivedData/Kept-epodaxjxwtzzpkappqnvuufzksrb/Build/Intermediates.noindex/Kept.build/Debug-iphonesimulator/KeptWidget.build/Objects-normal/arm64/KeptWidget.LinkFileList (in target 'KeptWidget' from project 'Kept')
    cd /Users/runner/work/Appsales/Appsales
    write-file /Users/runner/Library/Developer/Xcode/DerivedData/Kept-epodaxjxwtzzpkappqnvuufzksrb/Build/Intermediates.noindex/Kept.build/Debug-iphonesimulator/KeptWidget.build/Objects-normal/arm64/KeptWidget.LinkFileList

WriteAuxiliaryFile /Users/runner/Library/Developer/Xcode/DerivedData/Kept-epodaxjxwtzzpkappqnvuufzksrb/Build/Intermediates.noindex/Kept.build/Debug-iphonesimulator/KeptWidget.build/Objects-normal/arm64/KeptWidget-OutputFileMap.json (in target 'KeptWidget' from project 'Kept')
    cd /Users/runner/work/Appsales/Appsales
    write-file /Users/runner/Library/Developer/Xcode/DerivedData/Kept-epodaxjxwtzzpkappqnvuufzksrb/Build/Intermediates.noindex/Kept.build/Debug-iphonesimulator/KeptWidget.build/Objects-normal/arm64/KeptWidget-OutputFileMap.json

WriteAuxiliaryFile /Users/runner/Library/Developer/Xcode/DerivedData/Kept-epodaxjxwtzzpkappqnvuufzksrb/Build/Intermediates.noindex/Kept.build/Debug-iphonesimulator/KeptWidget.build/KeptWidget.hmap (in target 'KeptWidget' from project 'Kept')
    cd /Users/runner/work/Appsales/Appsales
    write-file /Users/runner/Library/Developer/Xcode/DerivedData/Kept-epodaxjxwtzzpkappqnvuufzksrb/Build/Intermediates.noindex/Kept.build/Debug-iphonesimulator/KeptWidget.build/KeptWidget.hmap

WriteAuxiliaryFile /Users/runner/Library/Developer/Xcode/DerivedData/Kept-epodaxjxwtzzpkappqnvuufzksrb/Build/Intermediates.noindex/Kept.build/Debug-iphonesimulator/KeptWidget.build/KeptWidget.DependencyStaticMetadataFileList (in target 'KeptWidget' from project 'Kept')
    cd /Users/runner/work/Appsales/Appsales
    write-file /Users/runner/Library/Developer/Xcode/DerivedData/Kept-epodaxjxwtzzpkappqnvuufzksrb/Build/Intermediates.noindex/Kept.build/Debug-iphonesimulator/KeptWidget.build/KeptWidget.DependencyStaticMetadataFileList

WriteAuxiliaryFile /Users/runner/Library/Developer/Xcode/DerivedData/Kept-epodaxjxwtzzpkappqnvuufzksrb/Build/Intermediates.noindex/Kept.build/Debug-iphonesimulator/KeptWidget.build/KeptWidget.DependencyMetadataFileList (in target 'KeptWidget' from project 'Kept')
    cd /Users/runner/work/Appsales/Appsales
    write-file /Users/runner/Library/Developer/Xcode/DerivedData/Kept-epodaxjxwtzzpkappqnvuufzksrb/Build/Intermediates.noindex/Kept.build/Debug-iphonesimulator/KeptWidget.build/KeptWidget.DependencyMetadataFileList

WriteAuxiliaryFile /Users/runner/Library/Developer/Xcode/DerivedData/Kept-epodaxjxwtzzpkappqnvuufzksrb/Build/Intermediates.noindex/Kept.build/Debug-iphonesimulator/KeptWidget.build/KeptWidget-project-headers.hmap (in target 'KeptWidget' from project 'Kept')
    cd /Users/runner/work/Appsales/Appsales
    write-file /Users/runner/Library/Developer/Xcode/DerivedData/Kept-epodaxjxwtzzpkappqnvuufzksrb/Build/Intermediates.noindex/Kept.build/Debug-iphonesimulator/KeptWidget.build/KeptWidget-project-headers.hmap

WriteAuxiliaryFile /Users/runner/Library/Developer/Xcode/DerivedData/Kept-epodaxjxwtzzpkappqnvuufzksrb/Build/Intermediates.noindex/Kept.build/Debug-iphonesimulator/KeptWidget.build/KeptWidget-own-target-headers.hmap (in target 'KeptWidget' from project 'Kept')
    cd /Users/runner/work/Appsales/Appsales
    write-file /Users/runner/Library/Developer/Xcode/DerivedData/Kept-epodaxjxwtzzpkappqnvuufzksrb/Build/Intermediates.noindex/Kept.build/Debug-iphonesimulator/KeptWidget.build/KeptWidget-own-target-headers.hmap

WriteAuxiliaryFile /Users/runner/Library/Developer/Xcode/DerivedData/Kept-epodaxjxwtzzpkappqnvuufzksrb/Build/Intermediates.noindex/Kept.build/Debug-iphonesimulator/KeptWidget.build/KeptWidget-generated-files.hmap (in target 'KeptWidget' from project 'Kept')
    cd /Users/runner/work/Appsales/Appsales
    write-file /Users/runner/Library/Developer/Xcode/DerivedData/Kept-epodaxjxwtzzpkappqnvuufzksrb/Build/Intermediates.noindex/Kept.build/Debug-iphonesimulator/KeptWidget.build/KeptWidget-generated-files.hmap

WriteAuxiliaryFile /Users/runner/Library/Developer/Xcode/DerivedData/Kept-epodaxjxwtzzpkappqnvuufzksrb/Build/Intermediates.noindex/Kept.build/Debug-iphonesimulator/KeptWidget.build/KeptWidget-all-target-headers.hmap (in target 'KeptWidget' from project 'Kept')
    cd /Users/runner/work/Appsales/Appsales
    write-file /Users/runner/Library/Developer/Xcode/DerivedData/Kept-epodaxjxwtzzpkappqnvuufzksrb/Build/Intermediates.noindex/Kept.build/Debug-iphonesimulator/KeptWidget.build/KeptWidget-all-target-headers.hmap

WriteAuxiliaryFile /Users/runner/Library/Developer/Xcode/DerivedData/Kept-epodaxjxwtzzpkappqnvuufzksrb/Build/Intermediates.noindex/Kept.build/Debug-iphonesimulator/KeptWidget.build/KeptWidget-all-non-framework-target-headers.hmap (in target 'KeptWidget' from project 'Kept')
    cd /Users/runner/work/Appsales/Appsales
    write-file /Users/runner/Library/Developer/Xcode/DerivedData/Kept-epodaxjxwtzzpkappqnvuufzksrb/Build/Intermediates.noindex/Kept.build/Debug-iphonesimulator/KeptWidget.build/KeptWidget-all-non-framework-target-headers.hmap

WriteAuxiliaryFile /Users/runner/Library/Developer/Xcode/DerivedData/Kept-epodaxjxwtzzpkappqnvuufzksrb/Build/Intermediates.noindex/Kept.build/Debug-iphonesimulator/KeptWidget.build/KeptWidget-DebugEntryPoint-normal-arm64.txt (in target 'KeptWidget' from project 'Kept')
    cd /Users/runner/work/Appsales/Appsales
    write-file /Users/runner/Library/Developer/Xcode/DerivedData/Kept-epodaxjxwtzzpkappqnvuufzksrb/Build/Intermediates.noindex/Kept.build/Debug-iphonesimulator/KeptWidget.build/KeptWidget-DebugEntryPoint-normal-arm64.txt

WriteAuxiliaryFile /Users/runner/Library/Developer/Xcode/DerivedData/Kept-epodaxjxwtzzpkappqnvuufzksrb/Build/Intermediates.noindex/Kept.build/Debug-iphonesimulator/KeptWidget.build/KeptWidget-DebugDylibPath-normal-arm64.txt (in target 'KeptWidget' from project 'Kept')
    cd /Users/runner/work/Appsales/Appsales
    write-file /Users/runner/Library/Developer/Xcode/DerivedData/Kept-epodaxjxwtzzpkappqnvuufzksrb/Build/Intermediates.noindex/Kept.build/Debug-iphonesimulator/KeptWidget.build/KeptWidget-DebugDylibPath-normal-arm64.txt

WriteAuxiliaryFile /Users/runner/Library/Developer/Xcode/DerivedData/Kept-epodaxjxwtzzpkappqnvuufzksrb/Build/Intermediates.noindex/Kept.build/Debug-iphonesimulator/KeptWidget.build/KeptWidget-DebugDylibInstallName-normal-arm64.txt (in target 'KeptWidget' from project 'Kept')
    cd /Users/runner/work/Appsales/Appsales
    write-file /Users/runner/Library/Developer/Xcode/DerivedData/Kept-epodaxjxwtzzpkappqnvuufzksrb/Build/Intermediates.noindex/Kept.build/Debug-iphonesimulator/KeptWidget.build/KeptWidget-DebugDylibInstallName-normal-arm64.txt

WriteAuxiliaryFile /Users/runner/Library/Developer/Xcode/DerivedData/Kept-epodaxjxwtzzpkappqnvuufzksrb/Build/Intermediates.noindex/Kept.build/Debug-iphonesimulator/KeptUITests.build/empty-KeptUITests.plist (in target 'KeptUITests' from project 'Kept')
    cd /Users/runner/work/Appsales/Appsales
    write-file /Users/runner/Library/Developer/Xcode/DerivedData/Kept-epodaxjxwtzzpkappqnvuufzksrb/Build/Intermediates.noindex/Kept.build/Debug-iphonesimulator/KeptUITests.build/empty-KeptUITests.plist

WriteAuxiliaryFile /Users/runner/Library/Developer/Xcode/DerivedData/Kept-epodaxjxwtzzpkappqnvuufzksrb/Build/Intermediates.noindex/Kept.build/Debug-iphonesimulator/KeptUITests.build/ProductTypeInfoPlistAdditions.plist (in target 'KeptUITests' from project 'Kept')
    cd /Users/runner/work/Appsales/Appsales
    write-file /Users/runner/Library/Developer/Xcode/DerivedData/Kept-epodaxjxwtzzpkappqnvuufzksrb/Build/Intermediates.noindex/Kept.build/Debug-iphonesimulator/KeptUITests.build/ProductTypeInfoPlistAdditions.plist

WriteAuxiliaryFile /Users/runner/Library/Developer/Xcode/DerivedData/Kept-epodaxjxwtzzpkappqnvuufzksrb/Build/Intermediates.noindex/Kept.build/Debug-iphonesimulator/KeptUITests.build/Objects-normal/arm64/KeptUITests_const_extract_protocols.json (in target 'KeptUITests' from project 'Kept')
    cd /Users/runner/work/Appsales/Appsales
    write-file /Users/runner/Library/Developer/Xcode/DerivedData/Kept-epodaxjxwtzzpkappqnvuufzksrb/Build/Intermediates.noindex/Kept.build/Debug-iphonesimulator/KeptUITests.build/Objects-normal/arm64/KeptUITests_const_extract_protocols.json

WriteAuxiliaryFile /Users/runner/Library/Developer/Xcode/DerivedData/Kept-epodaxjxwtzzpkappqnvuufzksrb/Build/Intermediates.noindex/Kept.build/Debug-iphonesimulator/KeptUITests.build/Objects-normal/arm64/KeptUITests.SwiftFileList (in target 'KeptUITests' from project 'Kept')
    cd /Users/runner/work/Appsales/Appsales
    write-file /Users/runner/Library/Developer/Xcode/DerivedData/Kept-epodaxjxwtzzpkappqnvuufzksrb/Build/Intermediates.noindex/Kept.build/Debug-iphonesimulator/KeptUITests.build/Objects-normal/arm64/KeptUITests.SwiftFileList

WriteAuxiliaryFile /Users/runner/Library/Developer/Xcode/DerivedData/Kept-epodaxjxwtzzpkappqnvuufzksrb/Build/Intermediates.noindex/Kept.build/Debug-iphonesimulator/KeptUITests.build/Objects-normal/arm64/KeptUITests.SwiftConstValuesFileList (in target 'KeptUITests' from project 'Kept')
    cd /Users/runner/work/Appsales/Appsales
    write-file /Users/runner/Library/Developer/Xcode/DerivedData/Kept-epodaxjxwtzzpkappqnvuufzksrb/Build/Intermediates.noindex/Kept.build/Debug-iphonesimulator/KeptUITests.build/Objects-normal/arm64/KeptUITests.SwiftConstValuesFileList

WriteAuxiliaryFile /Users/runner/Library/Developer/Xcode/DerivedData/Kept-epodaxjxwtzzpkappqnvuufzksrb/Build/Intermediates.noindex/Kept.build/Debug-iphonesimulator/KeptUITests.build/Objects-normal/arm64/KeptUITests.LinkFileList (in target 'KeptUITests' from project 'Kept')
    cd /Users/runner/work/Appsales/Appsales
    write-file /Users/runner/Library/Developer/Xcode/DerivedData/Kept-epodaxjxwtzzpkappqnvuufzksrb/Build/Intermediates.noindex/Kept.build/Debug-iphonesimulator/KeptUITests.build/Objects-normal/arm64/KeptUITests.LinkFileList

WriteAuxiliaryFile /Users/runner/Library/Developer/Xcode/DerivedData/Kept-epodaxjxwtzzpkappqnvuufzksrb/Build/Intermediates.noindex/Kept.build/Debug-iphonesimulator/KeptUITests.build/Objects-normal/arm64/KeptUITests-OutputFileMap.json (in target 'KeptUITests' from project 'Kept')
    cd /Users/runner/work/Appsales/Appsales
    write-file /Users/runner/Library/Developer/Xcode/DerivedData/Kept-epodaxjxwtzzpkappqnvuufzksrb/Build/Intermediates.noindex/Kept.build/Debug-iphonesimulator/KeptUITests.build/Objects-normal/arm64/KeptUITests-OutputFileMap.json

WriteAuxiliaryFile /Users/runner/Library/Developer/Xcode/DerivedData/Kept-epodaxjxwtzzpkappqnvuufzksrb/Build/Intermediates.noindex/Kept.build/Debug-iphonesimulator/KeptUITests.build/KeptUITests.hmap (in target 'KeptUITests' from project 'Kept')
    cd /Users/runner/work/Appsales/Appsales
    write-file /Users/runner/Library/Developer/Xcode/DerivedData/Kept-epodaxjxwtzzpkappqnvuufzksrb/Build/Intermediates.noindex/Kept.build/Debug-iphonesimulator/KeptUITests.build/KeptUITests.hmap

WriteAuxiliaryFile /Users/runner/Library/Developer/Xcode/DerivedData/Kept-epodaxjxwtzzpkappqnvuufzksrb/Build/Intermediates.noindex/Kept.build/Debug-iphonesimulator/KeptUITests.build/KeptUITests.DependencyStaticMetadataFileList (in target 'KeptUITests' from project 'Kept')
    cd /Users/runner/work/Appsales/Appsales
    write-file /Users/runner/Library/Developer/Xcode/DerivedData/Kept-epodaxjxwtzzpkappqnvuufzksrb/Build/Intermediates.noindex/Kept.build/Debug-iphonesimulator/KeptUITests.build/KeptUITests.DependencyStaticMetadataFileList

WriteAuxiliaryFile /Users/runner/Library/Developer/Xcode/DerivedData/Kept-epodaxjxwtzzpkappqnvuufzksrb/Build/Intermediates.noindex/Kept.build/Debug-iphonesimulator/KeptUITests.build/KeptUITests.DependencyMetadataFileList (in target 'KeptUITests' from project 'Kept')
    cd /Users/runner/work/Appsales/Appsales
    write-file /Users/runner/Library/Developer/Xcode/DerivedData/Kept-epodaxjxwtzzpkappqnvuufzksrb/Build/Intermediates.noindex/Kept.build/Debug-iphonesimulator/KeptUITests.build/KeptUITests.DependencyMetadataFileList

WriteAuxiliaryFile /Users/runner/Library/Developer/Xcode/DerivedData/Kept-epodaxjxwtzzpkappqnvuufzksrb/Build/Intermediates.noindex/Kept.build/Debug-iphonesimulator/KeptUITests.build/KeptUITests-project-headers.hmap (in target 'KeptUITests' from project 'Kept')
    cd /Users/runner/work/Appsales/Appsales
    write-file /Users/runner/Library/Developer/Xcode/DerivedData/Kept-epodaxjxwtzzpkappqnvuufzksrb/Build/Intermediates.noindex/Kept.build/Debug-iphonesimulator/KeptUITests.build/KeptUITests-project-headers.hmap

WriteAuxiliaryFile /Users/runner/Library/Developer/Xcode/DerivedData/Kept-epodaxjxwtzzpkappqnvuufzksrb/Build/Intermediates.noindex/Kept.build/Debug-iphonesimulator/KeptUITests.build/KeptUITests-own-target-headers.hmap (in target 'KeptUITests' from project 'Kept')
    cd /Users/runner/work/Appsales/Appsales
    write-file /Users/runner/Library/Developer/Xcode/DerivedData/Kept-epodaxjxwtzzpkappqnvuufzksrb/Build/Intermediates.noindex/Kept.build/Debug-iphonesimulator/KeptUITests.build/KeptUITests-own-target-headers.hmap

WriteAuxiliaryFile /Users/runner/Library/Developer/Xcode/DerivedData/Kept-epodaxjxwtzzpkappqnvuufzksrb/Build/Intermediates.noindex/Kept.build/Debug-iphonesimulator/KeptUITests.build/KeptUITests-generated-files.hmap (in target 'KeptUITests' from project 'Kept')
    cd /Users/runner/work/Appsales/Appsales
    write-file /Users/runner/Library/Developer/Xcode/DerivedData/Kept-epodaxjxwtzzpkappqnvuufzksrb/Build/Intermediates.noindex/Kept.build/Debug-iphonesimulator/KeptUITests.build/KeptUITests-generated-files.hmap

WriteAuxiliaryFile /Users/runner/Library/Developer/Xcode/DerivedData/Kept-epodaxjxwtzzpkappqnvuufzksrb/Build/Intermediates.noindex/Kept.build/Debug-iphonesimulator/KeptUITests.build/KeptUITests-all-target-headers.hmap (in target 'KeptUITests' from project 'Kept')
    cd /Users/runner/work/Appsales/Appsales
    write-file /Users/runner/Library/Developer/Xcode/DerivedData/Kept-epodaxjxwtzzpkappqnvuufzksrb/Build/Intermediates.noindex/Kept.build/Debug-iphonesimulator/KeptUITests.build/KeptUITests-all-target-headers.hmap

WriteAuxiliaryFile /Users/runner/Library/Developer/Xcode/DerivedData/Kept-epodaxjxwtzzpkappqnvuufzksrb/Build/Intermediates.noindex/Kept.build/Debug-iphonesimulator/KeptUITests.build/KeptUITests-all-non-framework-target-headers.hmap (in target 'KeptUITests' from project 'Kept')
    cd /Users/runner/work/Appsales/Appsales
    write-file /Users/runner/Library/Developer/Xcode/DerivedData/Kept-epodaxjxwtzzpkappqnvuufzksrb/Build/Intermediates.noindex/Kept.build/Debug-iphonesimulator/KeptUITests.build/KeptUITests-all-non-framework-target-headers.hmap

WriteAuxiliaryFile /Users/runner/Library/Developer/Xcode/DerivedData/Kept-epodaxjxwtzzpkappqnvuufzksrb/Build/Intermediates.noindex/Kept.build/Debug-iphonesimulator/KeptTests.build/empty-KeptTests.plist (in target 'KeptTests' from project 'Kept')
    cd /Users/runner/work/Appsales/Appsales
    write-file /Users/runner/Library/Developer/Xcode/DerivedData/Kept-epodaxjxwtzzpkappqnvuufzksrb/Build/Intermediates.noindex/Kept.build/Debug-iphonesimulator/KeptTests.build/empty-KeptTests.plist

WriteAuxiliaryFile /Users/runner/Library/Developer/Xcode/DerivedData/Kept-epodaxjxwtzzpkappqnvuufzksrb/Build/Intermediates.noindex/Kept.build/Debug-iphonesimulator/KeptTests.build/Objects-normal/arm64/KeptTests_const_extract_protocols.json (in target 'KeptTests' from project 'Kept')
    cd /Users/runner/work/Appsales/Appsales
    write-file /Users/runner/Library/Developer/Xcode/DerivedData/Kept-epodaxjxwtzzpkappqnvuufzksrb/Build/Intermediates.noindex/Kept.build/Debug-iphonesimulator/KeptTests.build/Objects-normal/arm64/KeptTests_const_extract_protocols.json

WriteAuxiliaryFile /Users/runner/Library/Developer/Xcode/DerivedData/Kept-epodaxjxwtzzpkappqnvuufzksrb/Build/Intermediates.noindex/Kept.build/Debug-iphonesimulator/KeptTests.build/Objects-normal/arm64/KeptTests.SwiftFileList (in target 'KeptTests' from project 'Kept')
    cd /Users/runner/work/Appsales/Appsales
    write-file /Users/runner/Library/Developer/Xcode/DerivedData/Kept-epodaxjxwtzzpkappqnvuufzksrb/Build/Intermediates.noindex/Kept.build/Debug-iphonesimulator/KeptTests.build/Objects-normal/arm64/KeptTests.SwiftFileList

WriteAuxiliaryFile /Users/runner/Library/Developer/Xcode/DerivedData/Kept-epodaxjxwtzzpkappqnvuufzksrb/Build/Intermediates.noindex/Kept.build/Debug-iphonesimulator/KeptTests.build/Objects-normal/arm64/KeptTests.SwiftConstValuesFileList (in target 'KeptTests' from project 'Kept')
    cd /Users/runner/work/Appsales/Appsales
    write-file /Users/runner/Library/Developer/Xcode/DerivedData/Kept-epodaxjxwtzzpkappqnvuufzksrb/Build/Intermediates.noindex/Kept.build/Debug-iphonesimulator/KeptTests.build/Objects-normal/arm64/KeptTests.SwiftConstValuesFileList

WriteAuxiliaryFile /Users/runner/Library/Developer/Xcode/DerivedData/Kept-epodaxjxwtzzpkappqnvuufzksrb/Build/Intermediates.noindex/Kept.build/Debug-iphonesimulator/KeptTests.build/Objects-normal/arm64/KeptTests.LinkFileList (in target 'KeptTests' from project 'Kept')
    cd /Users/runner/work/Appsales/Appsales
    write-file /Users/runner/Library/Developer/Xcode/DerivedData/Kept-epodaxjxwtzzpkappqnvuufzksrb/Build/Intermediates.noindex/Kept.build/Debug-iphonesimulator/KeptTests.build/Objects-normal/arm64/KeptTests.LinkFileList

WriteAuxiliaryFile /Users/runner/Library/Developer/Xcode/DerivedData/Kept-epodaxjxwtzzpkappqnvuufzksrb/Build/Intermediates.noindex/Kept.build/Debug-iphonesimulator/KeptTests.build/Objects-normal/arm64/KeptTests-OutputFileMap.json (in target 'KeptTests' from project 'Kept')
    cd /Users/runner/work/Appsales/Appsales
    write-file /Users/runner/Library/Developer/Xcode/DerivedData/Kept-epodaxjxwtzzpkappqnvuufzksrb/Build/Intermediates.noindex/Kept.build/Debug-iphonesimulator/KeptTests.build/Objects-normal/arm64/KeptTests-OutputFileMap.json

WriteAuxiliaryFile /Users/runner/Library/Developer/Xcode/DerivedData/Kept-epodaxjxwtzzpkappqnvuufzksrb/Build/Intermediates.noindex/Kept.build/Debug-iphonesimulator/KeptTests.build/KeptTests.hmap (in target 'KeptTests' from project 'Kept')
    cd /Users/runner/work/Appsales/Appsales
    write-file /Users/runner/Library/Developer/Xcode/DerivedData/Kept-epodaxjxwtzzpkappqnvuufzksrb/Build/Intermediates.noindex/Kept.build/Debug-iphonesimulator/KeptTests.build/KeptTests.hmap

WriteAuxiliaryFile /Users/runner/Library/Developer/Xcode/DerivedData/Kept-epodaxjxwtzzpkappqnvuufzksrb/Build/Intermediates.noindex/Kept.build/Debug-iphonesimulator/KeptTests.build/KeptTests.DependencyStaticMetadataFileList (in target 'KeptTests' from project 'Kept')
    cd /Users/runner/work/Appsales/Appsales
    write-file /Users/runner/Library/Developer/Xcode/DerivedData/Kept-epodaxjxwtzzpkappqnvuufzksrb/Build/Intermediates.noindex/Kept.build/Debug-iphonesimulator/KeptTests.build/KeptTests.DependencyStaticMetadataFileList

WriteAuxiliaryFile /Users/runner/Library/Developer/Xcode/DerivedData/Kept-epodaxjxwtzzpkappqnvuufzksrb/Build/Intermediates.noindex/Kept.build/Debug-iphonesimulator/KeptTests.build/KeptTests.DependencyMetadataFileList (in target 'KeptTests' from project 'Kept')
    cd /Users/runner/work/Appsales/Appsales
    write-file /Users/runner/Library/Developer/Xcode/DerivedData/Kept-epodaxjxwtzzpkappqnvuufzksrb/Build/Intermediates.noindex/Kept.build/Debug-iphonesimulator/KeptTests.build/KeptTests.DependencyMetadataFileList

WriteAuxiliaryFile /Users/runner/Library/Developer/Xcode/DerivedData/Kept-epodaxjxwtzzpkappqnvuufzksrb/Build/Intermediates.noindex/Kept.build/Debug-iphonesimulator/KeptTests.build/KeptTests-project-headers.hmap (in target 'KeptTests' from project 'Kept')
    cd /Users/runner/work/Appsales/Appsales
    write-file /Users/runner/Library/Developer/Xcode/DerivedData/Kept-epodaxjxwtzzpkappqnvuufzksrb/Build/Intermediates.noindex/Kept.build/Debug-iphonesimulator/KeptTests.build/KeptTests-project-headers.hmap

WriteAuxiliaryFile /Users/runner/Library/Developer/Xcode/DerivedData/Kept-epodaxjxwtzzpkappqnvuufzksrb/Build/Intermediates.noindex/Kept.build/Debug-iphonesimulator/KeptTests.build/KeptTests-own-target-headers.hmap (in target 'KeptTests' from project 'Kept')
    cd /Users/runner/work/Appsales/Appsales
    write-file /Users/runner/Library/Developer/Xcode/DerivedData/Kept-epodaxjxwtzzpkappqnvuufzksrb/Build/Intermediates.noindex/Kept.build/Debug-iphonesimulator/KeptTests.build/KeptTests-own-target-headers.hmap

WriteAuxiliaryFile /Users/runner/Library/Developer/Xcode/DerivedData/Kept-epodaxjxwtzzpkappqnvuufzksrb/Build/Intermediates.noindex/Kept.build/Debug-iphonesimulator/KeptTests.build/KeptTests-generated-files.hmap (in target 'KeptTests' from project 'Kept')
    cd /Users/runner/work/Appsales/Appsales
    write-file /Users/runner/Library/Developer/Xcode/DerivedData/Kept-epodaxjxwtzzpkappqnvuufzksrb/Build/Intermediates.noindex/Kept.build/Debug-iphonesimulator/KeptTests.build/KeptTests-generated-files.hmap

WriteAuxiliaryFile /Users/runner/Library/Developer/Xcode/DerivedData/Kept-epodaxjxwtzzpkappqnvuufzksrb/Build/Intermediates.noindex/Kept.build/Debug-iphonesimulator/KeptTests.build/KeptTests-all-target-headers.hmap (in target 'KeptTests' from project 'Kept')
    cd /Users/runner/work/Appsales/Appsales
    write-file /Users/runner/Library/Developer/Xcode/DerivedData/Kept-epodaxjxwtzzpkappqnvuufzksrb/Build/Intermediates.noindex/Kept.build/Debug-iphonesimulator/KeptTests.build/KeptTests-all-target-headers.hmap

WriteAuxiliaryFile /Users/runner/Library/Developer/Xcode/DerivedData/Kept-epodaxjxwtzzpkappqnvuufzksrb/Build/Intermediates.noindex/Kept.build/Debug-iphonesimulator/KeptTests.build/KeptTests-all-non-framework-target-headers.hmap (in target 'KeptTests' from project 'Kept')
    cd /Users/runner/work/Appsales/Appsales
    write-file /Users/runner/Library/Developer/Xcode/DerivedData/Kept-epodaxjxwtzzpkappqnvuufzksrb/Build/Intermediates.noindex/Kept.build/Debug-iphonesimulator/KeptTests.build/KeptTests-all-non-framework-target-headers.hmap

WriteAuxiliaryFile /Users/runner/Library/Developer/Xcode/DerivedData/Kept-epodaxjxwtzzpkappqnvuufzksrb/Build/Intermediates.noindex/Kept.build/Debug-iphonesimulator/Kept.build/Objects-normal/arm64/Kept_const_extract_protocols.json (in target 'Kept' from project 'Kept')
    cd /Users/runner/work/Appsales/Appsales
    write-file /Users/runner/Library/Developer/Xcode/DerivedData/Kept-epodaxjxwtzzpkappqnvuufzksrb/Build/Intermediates.noindex/Kept.build/Debug-iphonesimulator/Kept.build/Objects-normal/arm64/Kept_const_extract_protocols.json

WriteAuxiliaryFile /Users/runner/Library/Developer/Xcode/DerivedData/Kept-epodaxjxwtzzpkappqnvuufzksrb/Build/Intermediates.noindex/Kept.build/Debug-iphonesimulator/Kept.build/Objects-normal/arm64/Kept.SwiftFileList (in target 'Kept' from project 'Kept')
    cd /Users/runner/work/Appsales/Appsales
    write-file /Users/runner/Library/Developer/Xcode/DerivedData/Kept-epodaxjxwtzzpkappqnvuufzksrb/Build/Intermediates.noindex/Kept.build/Debug-iphonesimulator/Kept.build/Objects-normal/arm64/Kept.SwiftFileList

WriteAuxiliaryFile /Users/runner/Library/Developer/Xcode/DerivedData/Kept-epodaxjxwtzzpkappqnvuufzksrb/Build/Intermediates.noindex/Kept.build/Debug-iphonesimulator/Kept.build/Objects-normal/arm64/Kept.SwiftConstValuesFileList (in target 'Kept' from project 'Kept')
    cd /Users/runner/work/Appsales/Appsales
    write-file /Users/runner/Library/Developer/Xcode/DerivedData/Kept-epodaxjxwtzzpkappqnvuufzksrb/Build/Intermediates.noindex/Kept.build/Debug-iphonesimulator/Kept.build/Objects-normal/arm64/Kept.SwiftConstValuesFileList

WriteAuxiliaryFile /Users/runner/Library/Developer/Xcode/DerivedData/Kept-epodaxjxwtzzpkappqnvuufzksrb/Build/Intermediates.noindex/Kept.build/Debug-iphonesimulator/Kept.build/Objects-normal/arm64/Kept.LinkFileList (in target 'Kept' from project 'Kept')
    cd /Users/runner/work/Appsales/Appsales
    write-file /Users/runner/Library/Developer/Xcode/DerivedData/Kept-epodaxjxwtzzpkappqnvuufzksrb/Build/Intermediates.noindex/Kept.build/Debug-iphonesimulator/Kept.build/Objects-normal/arm64/Kept.LinkFileList

WriteAuxiliaryFile /Users/runner/Library/Developer/Xcode/DerivedData/Kept-epodaxjxwtzzpkappqnvuufzksrb/Build/Intermediates.noindex/Kept.build/Debug-iphonesimulator/Kept.build/Objects-normal/arm64/Kept-OutputFileMap.json (in target 'Kept' from project 'Kept')
    cd /Users/runner/work/Appsales/Appsales
    write-file /Users/runner/Library/Developer/Xcode/DerivedData/Kept-epodaxjxwtzzpkappqnvuufzksrb/Build/Intermediates.noindex/Kept.build/Debug-iphonesimulator/Kept.build/Objects-normal/arm64/Kept-OutputFileMap.json

WriteAuxiliaryFile /Users/runner/Library/Developer/Xcode/DerivedData/Kept-epodaxjxwtzzpkappqnvuufzksrb/Build/Intermediates.noindex/Kept.build/Debug-iphonesimulator/Kept.build/Kept.hmap (in target 'Kept' from project 'Kept')
    cd /Users/runner/work/Appsales/Appsales
    write-file /Users/runner/Library/Developer/Xcode/DerivedData/Kept-epodaxjxwtzzpkappqnvuufzksrb/Build/Intermediates.noindex/Kept.build/Debug-iphonesimulator/Kept.build/Kept.hmap

WriteAuxiliaryFile /Users/runner/Library/Developer/Xcode/DerivedData/Kept-epodaxjxwtzzpkappqnvuufzksrb/Build/Intermediates.noindex/Kept.build/Debug-iphonesimulator/Kept.build/Kept.DependencyStaticMetadataFileList (in target 'Kept' from project 'Kept')
    cd /Users/runner/work/Appsales/Appsales
    write-file /Users/runner/Library/Developer/Xcode/DerivedData/Kept-epodaxjxwtzzpkappqnvuufzksrb/Build/Intermediates.noindex/Kept.build/Debug-iphonesimulator/Kept.build/Kept.DependencyStaticMetadataFileList

WriteAuxiliaryFile /Users/runner/Library/Developer/Xcode/DerivedData/Kept-epodaxjxwtzzpkappqnvuufzksrb/Build/Intermediates.noindex/Kept.build/Debug-iphonesimulator/Kept.build/Kept.DependencyMetadataFileList (in target 'Kept' from project 'Kept')
    cd /Users/runner/work/Appsales/Appsales
    write-file /Users/runner/Library/Developer/Xcode/DerivedData/Kept-epodaxjxwtzzpkappqnvuufzksrb/Build/Intermediates.noindex/Kept.build/Debug-iphonesimulator/Kept.build/Kept.DependencyMetadataFileList

WriteAuxiliaryFile /Users/runner/Library/Developer/Xcode/DerivedData/Kept-epodaxjxwtzzpkappqnvuufzksrb/Build/Intermediates.noindex/Kept.build/Debug-iphonesimulator/Kept.build/Kept-project-headers.hmap (in target 'Kept' from project 'Kept')
    cd /Users/runner/work/Appsales/Appsales
    write-file /Users/runner/Library/Developer/Xcode/DerivedData/Kept-epodaxjxwtzzpkappqnvuufzksrb/Build/Intermediates.noindex/Kept.build/Debug-iphonesimulator/Kept.build/Kept-project-headers.hmap

WriteAuxiliaryFile /Users/runner/Library/Developer/Xcode/DerivedData/Kept-epodaxjxwtzzpkappqnvuufzksrb/Build/Intermediates.noindex/Kept.build/Debug-iphonesimulator/Kept.build/Kept-own-target-headers.hmap (in target 'Kept' from project 'Kept')
    cd /Users/runner/work/Appsales/Appsales
    write-file /Users/runner/Library/Developer/Xcode/DerivedData/Kept-epodaxjxwtzzpkappqnvuufzksrb/Build/Intermediates.noindex/Kept.build/Debug-iphonesimulator/Kept.build/Kept-own-target-headers.hmap

WriteAuxiliaryFile /Users/runner/Library/Developer/Xcode/DerivedData/Kept-epodaxjxwtzzpkappqnvuufzksrb/Build/Intermediates.noindex/Kept.build/Debug-iphonesimulator/Kept.build/Kept-generated-files.hmap (in target 'Kept' from project 'Kept')
    cd /Users/runner/work/Appsales/Appsales
    write-file /Users/runner/Library/Developer/Xcode/DerivedData/Kept-epodaxjxwtzzpkappqnvuufzksrb/Build/Intermediates.noindex/Kept.build/Debug-iphonesimulator/Kept.build/Kept-generated-files.hmap

WriteAuxiliaryFile /Users/runner/Library/Developer/Xcode/DerivedData/Kept-epodaxjxwtzzpkappqnvuufzksrb/Build/Intermediates.noindex/Kept.build/Debug-iphonesimulator/Kept.build/Kept-all-target-headers.hmap (in target 'Kept' from project 'Kept')
    cd /Users/runner/work/Appsales/Appsales
    write-file /Users/runner/Library/Developer/Xcode/DerivedData/Kept-epodaxjxwtzzpkappqnvuufzksrb/Build/Intermediates.noindex/Kept.build/Debug-iphonesimulator/Kept.build/Kept-all-target-headers.hmap

WriteAuxiliaryFile /Users/runner/Library/Developer/Xcode/DerivedData/Kept-epodaxjxwtzzpkappqnvuufzksrb/Build/Intermediates.noindex/Kept.build/Debug-iphonesimulator/Kept.build/Kept-all-non-framework-target-headers.hmap (in target 'Kept' from project 'Kept')
    cd /Users/runner/work/Appsales/Appsales
    write-file /Users/runner/Library/Developer/Xcode/DerivedData/Kept-epodaxjxwtzzpkappqnvuufzksrb/Build/Intermediates.noindex/Kept.build/Debug-iphonesimulator/Kept.build/Kept-all-non-framework-target-headers.hmap

WriteAuxiliaryFile /Users/runner/Library/Developer/Xcode/DerivedData/Kept-epodaxjxwtzzpkappqnvuufzksrb/Build/Intermediates.noindex/Kept.build/Debug-iphonesimulator/Kept.build/Kept-DebugDylibPath-normal-arm64.txt (in target 'Kept' from project 'Kept')
    cd /Users/runner/work/Appsales/Appsales
    write-file /Users/runner/Library/Developer/Xcode/DerivedData/Kept-epodaxjxwtzzpkappqnvuufzksrb/Build/Intermediates.noindex/Kept.build/Debug-iphonesimulator/Kept.build/Kept-DebugDylibPath-normal-arm64.txt

WriteAuxiliaryFile /Users/runner/Library/Developer/Xcode/DerivedData/Kept-epodaxjxwtzzpkappqnvuufzksrb/Build/Intermediates.noindex/Kept.build/Debug-iphonesimulator/Kept.build/Kept-DebugDylibInstallName-normal-arm64.txt (in target 'Kept' from project 'Kept')
    cd /Users/runner/work/Appsales/Appsales
    write-file /Users/runner/Library/Developer/Xcode/DerivedData/Kept-epodaxjxwtzzpkappqnvuufzksrb/Build/Intermediates.noindex/Kept.build/Debug-iphonesimulator/Kept.build/Kept-DebugDylibInstallName-normal-arm64.txt

MkDir /Users/runner/Library/Developer/Xcode/DerivedData/Kept-epodaxjxwtzzpkappqnvuufzksrb/Build/Products/Debug-iphonesimulator/KeptWidget.appex (in target 'KeptWidget' from project 'Kept')
    cd /Users/runner/work/Appsales/Appsales
    /bin/mkdir -p /Users/runner/Library/Developer/Xcode/DerivedData/Kept-epodaxjxwtzzpkappqnvuufzksrb/Build/Products/Debug-iphonesimulator/KeptWidget.appex

MkDir /Users/runner/Library/Developer/Xcode/DerivedData/Kept-epodaxjxwtzzpkappqnvuufzksrb/Build/Products/Debug-iphonesimulator/KeptUITests-Runner.app/PlugIns/KeptUITests.xctest (in target 'KeptUITests' from project 'Kept')
    cd /Users/runner/work/Appsales/Appsales
    /bin/mkdir -p /Users/runner/Library/Developer/Xcode/DerivedData/Kept-epodaxjxwtzzpkappqnvuufzksrb/Build/Products/Debug-iphonesimulator/KeptUITests-Runner.app/PlugIns/KeptUITests.xctest

MkDir /Users/runner/Library/Developer/Xcode/DerivedData/Kept-epodaxjxwtzzpkappqnvuufzksrb/Build/Products/Debug-iphonesimulator/Kept.app/PlugIns/KeptTests.xctest (in target 'KeptTests' from project 'Kept')
    cd /Users/runner/work/Appsales/Appsales
    /bin/mkdir -p /Users/runner/Library/Developer/Xcode/DerivedData/Kept-epodaxjxwtzzpkappqnvuufzksrb/Build/Products/Debug-iphonesimulator/Kept.app/PlugIns/KeptTests.xctest

MkDir /Users/runner/Library/Developer/Xcode/DerivedData/Kept-epodaxjxwtzzpkappqnvuufzksrb/Build/Products/Debug-iphonesimulator/Kept.app/PlugIns (in target 'Kept' from project 'Kept')
    cd /Users/runner/work/Appsales/Appsales
    /bin/mkdir -p /Users/runner/Library/Developer/Xcode/DerivedData/Kept-epodaxjxwtzzpkappqnvuufzksrb/Build/Products/Debug-iphonesimulator/Kept.app/PlugIns

MkDir /Users/runner/Library/Developer/Xcode/DerivedData/Kept-epodaxjxwtzzpkappqnvuufzksrb/Build/Products/Debug-iphonesimulator/Kept.app/Frameworks (in target 'Kept' from project 'Kept')
    cd /Users/runner/work/Appsales/Appsales
    /bin/mkdir -p /Users/runner/Library/Developer/Xcode/DerivedData/Kept-epodaxjxwtzzpkappqnvuufzksrb/Build/Products/Debug-iphonesimulator/Kept.app/Frameworks

MkDir /Users/runner/Library/Developer/Xcode/DerivedData/Kept-epodaxjxwtzzpkappqnvuufzksrb/Build/Products/Debug-iphonesimulator/Kept.app (in target 'Kept' from project 'Kept')
    cd /Users/runner/work/Appsales/Appsales
    /bin/mkdir -p /Users/runner/Library/Developer/Xcode/DerivedData/Kept-epodaxjxwtzzpkappqnvuufzksrb/Build/Products/Debug-iphonesimulator/Kept.app

ProcessInfoPlistFile /Users/runner/Library/Developer/Xcode/DerivedData/Kept-epodaxjxwtzzpkappqnvuufzksrb/Build/Products/Debug-iphonesimulator/KeptWidget.appex/Info.plist /Users/runner/work/Appsales/Appsales/KeptWidget/Info.plist (in target 'KeptWidget' from project 'Kept')
    cd /Users/runner/work/Appsales/Appsales
    builtin-infoPlistUtility /Users/runner/work/Appsales/Appsales/KeptWidget/Info.plist -producttype com.apple.product-type.app-extension -expandbuildsettings -format binary -platform iphonesimulator -o /Users/runner/Library/Developer/Xcode/DerivedData/Kept-epodaxjxwtzzpkappqnvuufzksrb/Build/Products/Debug-iphonesimulator/KeptWidget.appex/Info.plist

Ld /Users/runner/Library/Developer/Xcode/DerivedData/Kept-epodaxjxwtzzpkappqnvuufzksrb/Build/Products/Debug-iphonesimulator/KeptWidget.appex/__preview.dylib normal (in target 'KeptWidget' from project 'Kept')
    cd /Users/runner/work/Appsales/Appsales
    /Applications/Xcode_26.3.app/Contents/Developer/Toolchains/XcodeDefault.xctoolchain/usr/bin/clang -Xlinker -reproducible -target arm64-apple-ios17.0-simulator -dynamiclib -isysroot /Applications/Xcode_26.3.app/Contents/Developer/Platforms/iPhoneSimulator.platform/Developer/SDKs/iPhoneSimulator26.2.sdk -O0 -L/Users/runner/Library/Developer/Xcode/DerivedData/Kept-epodaxjxwtzzpkappqnvuufzksrb/Build/Products/Debug-iphonesimulator -F/Users/runner/Library/Developer/Xcode/DerivedData/Kept-epodaxjxwtzzpkappqnvuufzksrb/Build/Products/Debug-iphonesimulator -install_name @rpath/KeptWidget.debug.dylib -dead_strip -rdynamic -Xlinker -no_deduplicate -Xlinker -objc_abi_version -Xlinker 2 -Xlinker -dependency_info -Xlinker /Users/runner/Library/Developer/Xcode/DerivedData/Kept-epodaxjxwtzzpkappqnvuufzksrb/Build/Intermediates.noindex/Kept.build/Debug-iphonesimulator/KeptWidget.build/Objects-normal/arm64/KeptWidget_dependency_info.dat -o /Users/runner/Library/Developer/Xcode/DerivedData/Kept-epodaxjxwtzzpkappqnvuufzksrb/Build/Products/Debug-iphonesimulator/KeptWidget.appex/__preview.dylib

SwiftDriver KeptWidget normal arm64 com.apple.xcode.tools.swift.compiler (in target 'KeptWidget' from project 'Kept')
    cd /Users/runner/work/Appsales/Appsales
    builtin-SwiftDriver -- /Applications/Xcode_26.3.app/Contents/Developer/Toolchains/XcodeDefault.xctoolchain/usr/bin/swiftc -module-name KeptWidget -Onone -enforce-exclusivity\=checked @/Users/runner/Library/Developer/Xcode/DerivedData/Kept-epodaxjxwtzzpkappqnvuufzksrb/Build/Intermediates.noindex/Kept.build/Debug-iphonesimulator/KeptWidget.build/Objects-normal/arm64/KeptWidget.SwiftFileList -DDEBUG -enable-bare-slash-regex -enable-experimental-feature DebugDescriptionMacro -sdk /Applications/Xcode_26.3.app/Contents/Developer/Platforms/iPhoneSimulator.platform/Developer/SDKs/iPhoneSimulator26.2.sdk -target arm64-apple-ios17.0-simulator -g -module-cache-path /Users/runner/Library/Developer/Xcode/DerivedData/ModuleCache.noindex -Xfrontend -serialize-debugging-options -application-extension -enable-testing -index-store-path /Users/runner/Library/Developer/Xcode/DerivedData/Kept-epodaxjxwtzzpkappqnvuufzksrb/Index.noindex/DataStore -Xcc -D_LIBCPP_HARDENING_MODE\=_LIBCPP_HARDENING_MODE_DEBUG -swift-version 5 -I /Users/runner/Library/Developer/Xcode/DerivedData/Kept-epodaxjxwtzzpkappqnvuufzksrb/Build/Products/Debug-iphonesimulator -F /Users/runner/Library/Developer/Xcode/DerivedData/Kept-epodaxjxwtzzpkappqnvuufzksrb/Build/Products/Debug-iphonesimulator -c -j3 -enable-batch-mode -incremental -Xcc -ivfsstatcache -Xcc /Users/runner/Library/Developer/Xcode/DerivedData/SDKStatCaches.noindex/iphonesimulator26.2-23C57-dc75598d0054f22ec865fa860f139d72e244bd9a5feaf902f95f61bf06266e52.sdkstatcache -output-file-map /Users/runner/Library/Developer/Xcode/DerivedData/Kept-epodaxjxwtzzpkappqnvuufzksrb/Build/Intermediates.noindex/Kept.build/Debug-iphonesimulator/KeptWidget.build/Objects-normal/arm64/KeptWidget-OutputFileMap.json -use-frontend-parseable-output -save-temps -no-color-diagnostics -explicit-module-build -module-cache-path /Users/runner/Library/Developer/Xcode/DerivedData/Kept-epodaxjxwtzzpkappqnvuufzksrb/Build/Intermediates.noindex/SwiftExplicitPrecompiledModules -clang-scanner-module-cache-path /Users/runner/Library/Developer/Xcode/DerivedData/ModuleCache.noindex -sdk-module-cache-path /Users/runner/Library/Developer/Xcode/DerivedData/ModuleCache.noindex -serialize-diagnostics -emit-dependencies -emit-module -emit-module-path /Users/runner/Library/Developer/Xcode/DerivedData/Kept-epodaxjxwtzzpkappqnvuufzksrb/Build/Intermediates.noindex/Kept.build/Debug-iphonesimulator/KeptWidget.build/Objects-normal/arm64/KeptWidget.swiftmodule -validate-clang-modules-once -clang-build-session-file /Users/runner/Library/Developer/Xcode/DerivedData/ModuleCache.noindex/Session.modulevalidation -Xcc -I/Users/runner/Library/Developer/Xcode/DerivedData/Kept-epodaxjxwtzzpkappqnvuufzksrb/Build/Intermediates.noindex/Kept.build/Debug-iphonesimulator/KeptWidget.build/swift-overrides.hmap -emit-const-values -Xfrontend -const-gather-protocols-file -Xfrontend /Users/runner/Library/Developer/Xcode/DerivedData/Kept-epodaxjxwtzzpkappqnvuufzksrb/Build/Intermediates.noindex/Kept.build/Debug-iphonesimulator/KeptWidget.build/Objects-normal/arm64/KeptWidget_const_extract_protocols.json -Xcc -iquote -Xcc /Users/runner/Library/Developer/Xcode/DerivedData/Kept-epodaxjxwtzzpkappqnvuufzksrb/Build/Intermediates.noindex/Kept.build/Debug-iphonesimulator/KeptWidget.build/KeptWidget-generated-files.hmap -Xcc -I/Users/runner/Library/Developer/Xcode/DerivedData/Kept-epodaxjxwtzzpkappqnvuufzksrb/Build/Intermediates.noindex/Kept.build/Debug-iphonesimulator/KeptWidget.build/KeptWidget-own-target-headers.hmap -Xcc -I/Users/runner/Library/Developer/Xcode/DerivedData/Kept-epodaxjxwtzzpkappqnvuufzksrb/Build/Intermediates.noindex/Kept.build/Debug-iphonesimulator/KeptWidget.build/KeptWidget-all-target-headers.hmap -Xcc -iquote -Xcc /Users/runner/Library/Developer/Xcode/DerivedData/Kept-epodaxjxwtzzpkappqnvuufzksrb/Build/Intermediates.noindex/Kept.build/Debug-iphonesimulator/KeptWidget.build/KeptWidget-project-headers.hmap -Xcc -I/Users/runner/Library/Developer/Xcode/DerivedData/Kept-epodaxjxwtzzpkappqnvuufzksrb/Build/Products/Debug-iphonesimulator/include -Xcc -I/Users/runner/Library/Developer/Xcode/DerivedData/Kept-epodaxjxwtzzpkappqnvuufzksrb/Build/Intermediates.noindex/Kept.build/Debug-iphonesimulator/KeptWidget.build/DerivedSources-normal/arm64 -Xcc -I/Users/runner/Library/Developer/Xcode/DerivedData/Kept-epodaxjxwtzzpkappqnvuufzksrb/Build/Intermediates.noindex/Kept.build/Debug-iphonesimulator/KeptWidget.build/DerivedSources/arm64 -Xcc -I/Users/runner/Library/Developer/Xcode/DerivedData/Kept-epodaxjxwtzzpkappqnvuufzksrb/Build/Intermediates.noindex/Kept.build/Debug-iphonesimulator/KeptWidget.build/DerivedSources -Xcc -DDEBUG\=1 -emit-objc-header -emit-objc-header-path /Users/runner/Library/Developer/Xcode/DerivedData/Kept-epodaxjxwtzzpkappqnvuufzksrb/Build/Intermediates.noindex/Kept.build/Debug-iphonesimulator/KeptWidget.build/Objects-normal/arm64/KeptWidget-Swift.h -working-directory /Users/runner/work/Appsales/Appsales -experimental-emit-module-separately -disable-cmo

SwiftExplicitDependencyGeneratePcm arm64 /Users/runner/Library/Developer/Xcode/DerivedData/ModuleCache.noindex/ptrcheck-5MC97IH8XA53EZUU1OBF6JYQZ.pcm

SwiftExplicitDependencyGeneratePcm arm64 /Users/runner/Library/Developer/Xcode/DerivedData/ModuleCache.noindex/_SwiftConcurrencyShims-B9E3MP6XT59ZC1LHAAYCU0CMW.pcm

SwiftExplicitDependencyGeneratePcm arm64 /Users/runner/Library/Developer/Xcode/DerivedData/ModuleCache.noindex/_Builtin_float-EPF25J5FV35IGV4FQL68O7ZVR.pcm

SwiftExplicitDependencyGeneratePcm arm64 /Users/runner/Library/Developer/Xcode/DerivedData/ModuleCache.noindex/ptrauth-E3GKF7EF2FLDNL54VL64AF0CO.pcm

SwiftExplicitDependencyGeneratePcm arm64 /Users/runner/Library/Developer/Xcode/DerivedData/ModuleCache.noindex/_Builtin_stddef-D3BMO04Y4VZUIGA7DCI6HWNJI.pcm

SwiftExplicitDependencyGeneratePcm arm64 /Users/runner/Library/Developer/Xcode/DerivedData/ModuleCache.noindex/_Builtin_stdarg-83VE2KWSGO4S0UX71YLEAT7SX.pcm

SwiftExplicitDependencyGeneratePcm arm64 /Users/runner/Library/Developer/Xcode/DerivedData/ModuleCache.noindex/_Builtin_stdbool-CQ0ATN78MCI0GC5AGYFTLW99G.pcm

SwiftExplicitDependencyGeneratePcm arm64 /Users/runner/Library/Developer/Xcode/DerivedData/ModuleCache.noindex/SwiftShims-A43NIKCE413U4MBLK3B3QL3JS.pcm

SwiftExplicitDependencyGeneratePcm arm64 /Users/runner/Library/Developer/Xcode/DerivedData/ModuleCache.noindex/ActivityKit-428UCCUQGFDDW4F0BFHWPTGUS.pcm

SwiftExplicitDependencyGeneratePcm arm64 /Users/runner/Library/Developer/Xcode/DerivedData/ModuleCache.noindex/DeveloperToolsSupport-7YFCBPAR9T9OHJ6LYZ03G4UYF.pcm

SwiftExplicitDependencyGeneratePcm arm64 /Users/runner/Library/Developer/Xcode/DerivedData/ModuleCache.noindex/_AvailabilityInternal-3H7W35GZRN7WA6A3YTH64UXV8.pcm

SwiftExplicitDependencyGeneratePcm arm64 /Users/runner/Library/Developer/Xcode/DerivedData/ModuleCache.noindex/_DarwinFoundation1-2CGJ8I8ZIIOKH3OHA43LWJ5PP.pcm

SwiftExplicitDependencyGeneratePcm arm64 /Users/runner/Library/Developer/Xcode/DerivedData/ModuleCache.noindex/_DarwinFoundation2-DF1TBHJKTJA5EQ6Y8J9TFF1TF.pcm

SwiftExplicitDependencyGeneratePcm arm64 /Users/runner/Library/Developer/Xcode/DerivedData/ModuleCache.noindex/_Builtin_limits-9Z8YXM0BZ2NUI6WD71VRKT99M.pcm

SwiftExplicitDependencyGeneratePcm arm64 /Users/runner/Library/Developer/Xcode/DerivedData/ModuleCache.noindex/ExtensionFoundation-3OCUB5SRMIW3YC5IKSD63PQWB.pcm

SwiftExplicitDependencyGeneratePcm arm64 /Users/runner/Library/Developer/Xcode/DerivedData/ModuleCache.noindex/_Builtin_stdint-8H0N729LO3C91KYT9CWWDM6HU.pcm

SwiftExplicitDependencyGeneratePcm arm64 /Users/runner/Library/Developer/Xcode/DerivedData/ModuleCache.noindex/sys_types-1QWVI4SNWQ1K1NAW833XNGV0U.pcm

SwiftExplicitDependencyGeneratePcm arm64 /Users/runner/Library/Developer/Xcode/DerivedData/ModuleCache.noindex/_Builtin_tgmath-3HNSV7F95TKE6ZKBDP0AXER86.pcm

SwiftExplicitDependencyGeneratePcm arm64 /Users/runner/Library/Developer/Xcode/DerivedData/ModuleCache.noindex/_DarwinFoundation3-E869HBTBBJLFVOOABFQ5VD9C4.pcm

SwiftExplicitDependencyGeneratePcm arm64 /Users/runner/Library/Developer/Xcode/DerivedData/ModuleCache.noindex/_Builtin_stdatomic-23GTA4FRXAMNH9VNMYGAML2AT.pcm

SwiftExplicitDependencyGeneratePcm arm64 /Users/runner/Library/Developer/Xcode/DerivedData/ModuleCache.noindex/_Builtin_intrinsics-H93IFBMEPONDWGDZRUTG0SBI.pcm

SwiftExplicitDependencyGeneratePcm arm64 /Users/runner/Library/Developer/Xcode/DerivedData/ModuleCache.noindex/_Builtin_inttypes-5A63X7VO59NFY6FWQKU5FTJO.pcm

SwiftExplicitDependencyGeneratePcm arm64 /Users/runner/Library/Developer/Xcode/DerivedData/ModuleCache.noindex/Darwin-8X11D1JJQW4MWODPFEW8VCHK5.pcm

SwiftExplicitDependencyGeneratePcm arm64 /Users/runner/Library/Developer/Xcode/DerivedData/ModuleCache.noindex/simd-V8EXYAJM2U5A025KU9VB7TTA.pcm

SwiftExplicitDependencyGeneratePcm arm64 /Users/runner/Library/Developer/Xcode/DerivedData/ModuleCache.noindex/MachO-26OYC89J5QQKRGNGITQLJWUQX.pcm

SwiftExplicitDependencyGeneratePcm arm64 /Users/runner/Library/Developer/Xcode/DerivedData/ModuleCache.noindex/ObjectiveC-9YC8OZ9JCALSVV1YDEBJQ7EQK.pcm

SwiftExplicitDependencyGeneratePcm arm64 /Users/runner/Library/Developer/Xcode/DerivedData/ModuleCache.noindex/os_object-EARICHTFAA4B0E0J1NTPFLI0C.pcm

SwiftExplicitDependencyGeneratePcm arm64 /Users/runner/Library/Developer/Xcode/DerivedData/ModuleCache.noindex/os_workgroup-BUNUBVR9US1Z8X8ZI2HWLGQTN.pcm

SwiftExplicitDependencyGeneratePcm arm64 /Users/runner/Library/Developer/Xcode/DerivedData/ModuleCache.noindex/Dispatch-2J6O7HVEKYBF5QZR4RFEY7AV4.pcm

SwiftExplicitDependencyGeneratePcm arm64 /Users/runner/Library/Developer/Xcode/DerivedData/ModuleCache.noindex/Spatial-1XV6397XO2CG8LQFBXRZKP6SZ.pcm

SwiftExplicitDependencyGeneratePcm arm64 /Users/runner/Library/Developer/Xcode/DerivedData/ModuleCache.noindex/dnssd-A20UMWH2BFSFJL7X80NQCAX8D.pcm

SwiftExplicitDependencyGeneratePcm arm64 /Users/runner/Library/Developer/Xcode/DerivedData/ModuleCache.noindex/CoreFoundation-E3XT2ZJ5NUU43WVRO68K6XQK.pcm

SwiftExplicitDependencyGeneratePcm arm64 /Users/runner/Library/Developer/Xcode/DerivedData/ModuleCache.noindex/XPC-7BXSRGF69T4939HNWWCYDE859.pcm

SwiftExplicitDependencyGeneratePcm arm64 /Users/runner/Library/Developer/Xcode/DerivedData/ModuleCache.noindex/CFNetwork-2KX9IWWGDJUTB6QH64QVAGVJ4.pcm

SwiftExplicitDependencyGeneratePcm arm64 /Users/runner/Library/Developer/Xcode/DerivedData/ModuleCache.noindex/Security-NQIJM1LTL79DB2CGJ853W7Y1.pcm

SwiftExplicitDependencyGeneratePcm arm64 /Users/runner/Library/Developer/Xcode/DerivedData/ModuleCache.noindex/CoreGraphics-1YGA61U1Q8KB74PULQ0CHRP2V.pcm

SwiftExplicitDependencyGeneratePcm arm64 /Users/runner/Library/Developer/Xcode/DerivedData/ModuleCache.noindex/os-283BEQV8SNMGM3YVH23B9BUW7.pcm

SwiftExplicitDependencyGeneratePcm arm64 /Users/runner/Library/Developer/Xcode/DerivedData/ModuleCache.noindex/Foundation-AHIHNE2EN74SSK0P4CYPKT143.pcm

SwiftExplicitDependencyGeneratePcm arm64 /Users/runner/Library/Developer/Xcode/DerivedData/ModuleCache.noindex/ImageIO-3XPIFLP4LZTZJA3GA7GQ1LK0N.pcm

SwiftExplicitDependencyGeneratePcm arm64 /Users/runner/Library/Developer/Xcode/DerivedData/ModuleCache.noindex/CoreText-2F702U4CTES4N95EBIG2X3SYS.pcm

SwiftExplicitDependencyGeneratePcm arm64 /Users/runner/Library/Developer/Xcode/DerivedData/ModuleCache.noindex/AppIntents-1LMWB2Y3HXVLYE8G7F49Z64O.pcm

SwiftExplicitDependencyGeneratePcm arm64 /Users/runner/Library/Developer/Xcode/DerivedData/ModuleCache.noindex/WidgetKit-Y1R18QYN4O9JG9X7KLAJAQYE.pcm

SwiftExplicitDependencyGeneratePcm arm64 /Users/runner/Library/Developer/Xcode/DerivedData/ModuleCache.noindex/Accessibility-1A4DKNQ55WV3RRTTCR7YQ6KE1.pcm

SwiftExplicitDependencyGeneratePcm arm64 /Users/runner/Library/Developer/Xcode/DerivedData/ModuleCache.noindex/CoreData-16R8JR8HOFL5IRNGYK74TIU2J.pcm

SwiftExplicitDependencyGeneratePcm arm64 /Users/runner/Library/Developer/Xcode/DerivedData/ModuleCache.noindex/OpenGLES-3X0BUJCLYRRWOJJK0KH2WF7QQ.pcm

SwiftExplicitDependencyGeneratePcm arm64 /Users/runner/Library/Developer/Xcode/DerivedData/ModuleCache.noindex/UIUtilities-93TA8JNXAQYE8HZRXWX129T1.pcm

SwiftExplicitDependencyGeneratePcm arm64 /Users/runner/Library/Developer/Xcode/DerivedData/ModuleCache.noindex/IOSurface-APVCOPORRI5ZQGNJ9NCCRRA3F.pcm

SwiftExplicitDependencyGeneratePcm arm64 /Users/runner/Library/Developer/Xcode/DerivedData/ModuleCache.noindex/DataDetection-AO3PY6Z8AW02H3XGEXJKR95WU.pcm

SwiftExplicitDependencyGeneratePcm arm64 /Users/runner/Library/Developer/Xcode/DerivedData/ModuleCache.noindex/UniformTypeIdentifiers-E32BOB2G7EZSKAVK58TE83PV8.pcm

SwiftExplicitDependencyGeneratePcm arm64 /Users/runner/Library/Developer/Xcode/DerivedData/ModuleCache.noindex/Symbols-9JVPUISW65PFQXZZDA52B828C.pcm

SwiftExplicitDependencyGeneratePcm arm64 /Users/runner/Library/Developer/Xcode/DerivedData/ModuleCache.noindex/CoreTransferable-5I1FDSL82Y5777CEP1RVE94GG.pcm

SwiftExplicitDependencyGeneratePcm arm64 /Users/runner/Library/Developer/Xcode/DerivedData/ModuleCache.noindex/_LocationEssentials-3ZPIBAQ6INT1DY729KCYUJ91Q.pcm

SwiftExplicitDependencyGeneratePcm arm64 /Users/runner/Library/Developer/Xcode/DerivedData/ModuleCache.noindex/CoreSpotlight-EYO8YZDOVQU9L4QDTO2U8SQ36.pcm

SwiftExplicitDependencyGeneratePcm arm64 /Users/runner/Library/Developer/Xcode/DerivedData/ModuleCache.noindex/UserNotifications-2CQABK7QFCUCQ4TD4QJ0BZNPJ.pcm

SwiftExplicitDependencyGeneratePcm arm64 /Users/runner/Library/Developer/Xcode/DerivedData/ModuleCache.noindex/Network-7T28QGD27S81E1JPRH3BOL5RE.pcm

SwiftExplicitDependencyGeneratePcm arm64 /Users/runner/Library/Developer/Xcode/DerivedData/ModuleCache.noindex/RelevanceKit-AACWG2197Z5NZ4JKC0VT41BIJ.pcm

SwiftExplicitDependencyGeneratePcm arm64 /Users/runner/Library/Developer/Xcode/DerivedData/ModuleCache.noindex/CoreLocation-5IA2LVEOUQLH50R0HJZG84O3R.pcm

SwiftExplicitDependencyGeneratePcm arm64 /Users/runner/Library/Developer/Xcode/DerivedData/ModuleCache.noindex/OSLog-40MO9GFMSZ1AL20YU0FXDXJMM.pcm

SwiftExplicitDependencyGeneratePcm arm64 /Users/runner/Library/Developer/Xcode/DerivedData/ModuleCache.noindex/Metal-30QIW75UHQ5ZTEQ0FNXPAS3AX.pcm

SwiftExplicitDependencyGeneratePcm arm64 /Users/runner/Library/Developer/Xcode/DerivedData/ModuleCache.noindex/FileProvider-2BGS6GG56GUJUOMPUAQQ2G2PJ.pcm

SwiftExplicitDependencyGeneratePcm arm64 /Users/runner/Library/Developer/Xcode/DerivedData/ModuleCache.noindex/Intents-E8U02A3RT2AWMD6ENLE7TSVAR.pcm

SwiftExplicitDependencyGeneratePcm arm64 /Users/runner/Library/Developer/Xcode/DerivedData/ModuleCache.noindex/CoreVideo-5A8ID07G18IJBELZQDYSO3AWE.pcm

SwiftExplicitDependencyGeneratePcm arm64 /Users/runner/Library/Developer/Xcode/DerivedData/ModuleCache.noindex/CoreImage-51Y67VQDOHU6QD1AN3X9VGQV0.pcm

SwiftExplicitDependencyGeneratePcm arm64 /Users/runner/Library/Developer/Xcode/DerivedData/ModuleCache.noindex/QuartzCore-4JSAA4APJDXNVW2AUPA758XZZ.pcm

SwiftExplicitDependencyGeneratePcm arm64 /Users/runner/Library/Developer/Xcode/DerivedData/ModuleCache.noindex/SwiftUICore-2LXFZ5IG8HE4UELMWQFNCNAMW.pcm

SwiftExplicitDependencyGeneratePcm arm64 /Users/runner/Library/Developer/Xcode/DerivedData/ModuleCache.noindex/UIKit-4OYVB0HWHBPK7EPG9QPHRNNYP.pcm

SwiftExplicitDependencyGeneratePcm arm64 /Users/runner/Library/Developer/Xcode/DerivedData/ModuleCache.noindex/SwiftUI-613ZGTYO4Q110JY998QGZJE72.pcm

SwiftEmitModule normal arm64 Emitting\ module\ for\ KeptWidget (in target 'KeptWidget' from project 'Kept')

EmitSwiftModule normal arm64 (in target 'KeptWidget' from project 'Kept')
    cd /Users/runner/work/Appsales/Appsales
    

SwiftCompile normal arm64 Compiling\ HabitFileStore.swift,\ HabitIntents.swift,\ HabitPalette.swift,\ HabitStore.swift,\ HealthDay.swift,\ KeptDateCoding.swift,\ KeptFiles.swift,\ KeptSettings.swift,\ KeptWidget.swift,\ KeptWidgetBundle.swift /Users/runner/work/Appsales/Appsales/Kept/Store/HabitFileStore.swift /Users/runner/work/Appsales/Appsales/Kept/Shared/HabitIntents.swift /Users/runner/work/Appsales/Appsales/Kept/Views/HabitPalette.swift /Users/runner/work/Appsales/Appsales/Kept/Store/HabitStore.swift /Users/runner/work/Appsales/Appsales/Kept/Models/HealthDay.swift /Users/runner/work/Appsales/Appsales/Kept/Models/KeptDateCoding.swift /Users/runner/work/Appsales/Appsales/Kept/Store/KeptFiles.swift /Users/runner/work/Appsales/Appsales/Kept/Models/KeptSettings.swift /Users/runner/work/Appsales/Appsales/KeptWidget/KeptWidget.swift /Users/runner/work/Appsales/Appsales/KeptWidget/KeptWidgetBundle.swift (in target 'KeptWidget' from project 'Kept')
SwiftCompile normal arm64 /Users/runner/work/Appsales/Appsales/Kept/Store/HabitFileStore.swift (in target 'KeptWidget' from project 'Kept')
    cd /Users/runner/work/Appsales/Appsales
    

SwiftCompile normal arm64 /Users/runner/work/Appsales/Appsales/Kept/Shared/HabitIntents.swift (in target 'KeptWidget' from project 'Kept')
    cd /Users/runner/work/Appsales/Appsales
    

SwiftCompile normal arm64 /Users/runner/work/Appsales/Appsales/Kept/Views/HabitPalette.swift (in target 'KeptWidget' from project 'Kept')
    cd /Users/runner/work/Appsales/Appsales
    

SwiftCompile normal arm64 /Users/runner/work/Appsales/Appsales/Kept/Store/HabitStore.swift (in target 'KeptWidget' from project 'Kept')
    cd /Users/runner/work/Appsales/Appsales
    

SwiftCompile normal arm64 /Users/runner/work/Appsales/Appsales/Kept/Models/HealthDay.swift (in target 'KeptWidget' from project 'Kept')
    cd /Users/runner/work/Appsales/Appsales
    

SwiftCompile normal arm64 /Users/runner/work/Appsales/Appsales/Kept/Models/KeptDateCoding.swift (in target 'KeptWidget' from project 'Kept')
    cd /Users/runner/work/Appsales/Appsales
    

SwiftCompile normal arm64 /Users/runner/work/Appsales/Appsales/Kept/Store/KeptFiles.swift (in target 'KeptWidget' from project 'Kept')
    cd /Users/runner/work/Appsales/Appsales
    

SwiftCompile normal arm64 /Users/runner/work/Appsales/Appsales/Kept/Models/KeptSettings.swift (in target 'KeptWidget' from project 'Kept')
    cd /Users/runner/work/Appsales/Appsales
    

SwiftCompile normal arm64 /Users/runner/work/Appsales/Appsales/KeptWidget/KeptWidget.swift (in target 'KeptWidget' from project 'Kept')
    cd /Users/runner/work/Appsales/Appsales
    

SwiftCompile normal arm64 /Users/runner/work/Appsales/Appsales/KeptWidget/KeptWidgetBundle.swift (in target 'KeptWidget' from project 'Kept')
    cd /Users/runner/work/Appsales/Appsales
    

SwiftCompile normal arm64 Compiling\ KeptWidgetView.swift,\ LabelParser.swift,\ LogEntry.swift,\ LogInsights.swift,\ ReminderPlanner.swift,\ ReviewPrompt.swift,\ SpeechSplitter.swift,\ StreakCalculator.swift,\ UnlockPolicy.swift,\ VolumeFormat.swift /Users/runner/work/Appsales/Appsales/KeptWidget/KeptWidgetView.swift /Users/runner/work/Appsales/Appsales/Kept/Logic/LabelParser.swift /Users/runner/work/Appsales/Appsales/Kept/Models/LogEntry.swift /Users/runner/work/Appsales/Appsales/Kept/Logic/LogInsights.swift /Users/runner/work/Appsales/Appsales/Kept/Logic/ReminderPlanner.swift /Users/runner/work/Appsales/Appsales/Kept/Logic/ReviewPrompt.swift /Users/runner/work/Appsales/Appsales/Kept/Logic/SpeechSplitter.swift /Users/runner/work/Appsales/Appsales/Kept/Logic/StreakCalculator.swift /Users/runner/work/Appsales/Appsales/Kept/Logic/UnlockPolicy.swift /Users/runner/work/Appsales/Appsales/Kept/Logic/VolumeFormat.swift (in target 'KeptWidget' from project 'Kept')
SwiftCompile normal arm64 /Users/runner/work/Appsales/Appsales/KeptWidget/KeptWidgetView.swift (in target 'KeptWidget' from project 'Kept')
    cd /Users/runner/work/Appsales/Appsales
    

SwiftCompile normal arm64 /Users/runner/work/Appsales/Appsales/Kept/Logic/LabelParser.swift (in target 'KeptWidget' from project 'Kept')
    cd /Users/runner/work/Appsales/Appsales
    

SwiftCompile normal arm64 /Users/runner/work/Appsales/Appsales/Kept/Models/LogEntry.swift (in target 'KeptWidget' from project 'Kept')
    cd /Users/runner/work/Appsales/Appsales
    

SwiftCompile normal arm64 /Users/runner/work/Appsales/Appsales/Kept/Logic/LogInsights.swift (in target 'KeptWidget' from project 'Kept')
    cd /Users/runner/work/Appsales/Appsales
    

SwiftCompile normal arm64 /Users/runner/work/Appsales/Appsales/Kept/Logic/ReminderPlanner.swift (in target 'KeptWidget' from project 'Kept')
    cd /Users/runner/work/Appsales/Appsales
    

SwiftCompile normal arm64 /Users/runner/work/Appsales/Appsales/Kept/Logic/ReviewPrompt.swift (in target 'KeptWidget' from project 'Kept')
    cd /Users/runner/work/Appsales/Appsales
    

SwiftCompile normal arm64 /Users/runner/work/Appsales/Appsales/Kept/Logic/SpeechSplitter.swift (in target 'KeptWidget' from project 'Kept')
    cd /Users/runner/work/Appsales/Appsales
    

SwiftCompile normal arm64 /Users/runner/work/Appsales/Appsales/Kept/Logic/StreakCalculator.swift (in target 'KeptWidget' from project 'Kept')
    cd /Users/runner/work/Appsales/Appsales
    

SwiftCompile normal arm64 /Users/runner/work/Appsales/Appsales/Kept/Logic/UnlockPolicy.swift (in target 'KeptWidget' from project 'Kept')
    cd /Users/runner/work/Appsales/Appsales
    

SwiftCompile normal arm64 /Users/runner/work/Appsales/Appsales/Kept/Logic/VolumeFormat.swift (in target 'KeptWidget' from project 'Kept')
    cd /Users/runner/work/Appsales/Appsales
    

SwiftCompile normal arm64 Compiling\ AIAssistant.swift,\ AIExport.swift,\ AppGroup.swift,\ BackupMerge.swift,\ Brand.swift,\ BulkEntryParser.swift,\ CSVImport.swift,\ DailyEstimate.swift,\ DayKey.swift,\ EstimateParser.swift,\ Habit.swift /Users/runner/work/Appsales/Appsales/Kept/Logic/AIAssistant.swift /Users/runner/work/Appsales/Appsales/Kept/Logic/AIExport.swift /Users/runner/work/Appsales/Appsales/Kept/Shared/AppGroup.swift /Users/runner/work/Appsales/Appsales/Kept/Logic/BackupMerge.swift /Users/runner/work/Appsales/Appsales/Kept/Shared/Brand.swift /Users/runner/work/Appsales/Appsales/Kept/Logic/BulkEntryParser.swift /Users/runner/work/Appsales/Appsales/Kept/Logic/CSVImport.swift /Users/runner/work/Appsales/Appsales/Kept/Models/DailyEstimate.swift /Users/runner/work/Appsales/Appsales/Kept/Models/DayKey.swift /Users/runner/work/Appsales/Appsales/Kept/Logic/EstimateParser.swift /Users/runner/work/Appsales/Appsales/Kept/Models/Habit.swift (in target 'KeptWidget' from project 'Kept')

SwiftCompile normal arm64 /Users/runner/work/Appsales/Appsales/Kept/Logic/AIAssistant.swift (in target 'KeptWidget' from project 'Kept')
    cd /Users/runner/work/Appsales/Appsales
    

SwiftCompile normal arm64 /Users/runner/work/Appsales/Appsales/Kept/Logic/AIExport.swift (in target 'KeptWidget' from project 'Kept')
    cd /Users/runner/work/Appsales/Appsales
    

SwiftCompile normal arm64 /Users/runner/work/Appsales/Appsales/Kept/Shared/AppGroup.swift (in target 'KeptWidget' from project 'Kept')
    cd /Users/runner/work/Appsales/Appsales
    

SwiftCompile normal arm64 /Users/runner/work/Appsales/Appsales/Kept/Logic/BackupMerge.swift (in target 'KeptWidget' from project 'Kept')
    cd /Users/runner/work/Appsales/Appsales
    

SwiftCompile normal arm64 /Users/runner/work/Appsales/Appsales/Kept/Shared/Brand.swift (in target 'KeptWidget' from project 'Kept')
    cd /Users/runner/work/Appsales/Appsales
    

SwiftCompile normal arm64 /Users/runner/work/Appsales/Appsales/Kept/Logic/BulkEntryParser.swift (in target 'KeptWidget' from project 'Kept')
    cd /Users/runner/work/Appsales/Appsales
    

SwiftCompile normal arm64 /Users/runner/work/Appsales/Appsales/Kept/Logic/CSVImport.swift (in target 'KeptWidget' from project 'Kept')
    cd /Users/runner/work/Appsales/Appsales
    

SwiftCompile normal arm64 /Users/runner/work/Appsales/Appsales/Kept/Models/DailyEstimate.swift (in target 'KeptWidget' from project 'Kept')
    cd /Users/runner/work/Appsales/Appsales
    

SwiftCompile normal arm64 /Users/runner/work/Appsales/Appsales/Kept/Models/DayKey.swift (in target 'KeptWidget' from project 'Kept')
    cd /Users/runner/work/Appsales/Appsales
    

SwiftCompile normal arm64 /Users/runner/work/Appsales/Appsales/Kept/Logic/EstimateParser.swift (in target 'KeptWidget' from project 'Kept')
    cd /Users/runner/work/Appsales/Appsales
    

SwiftCompile normal arm64 /Users/runner/work/Appsales/Appsales/Kept/Models/Habit.swift (in target 'KeptWidget' from project 'Kept')
    cd /Users/runner/work/Appsales/Appsales
    

SwiftDriverJobDiscovery normal arm64 Emitting module for KeptWidget (in target 'KeptWidget' from project 'Kept')

SwiftDriver\ Compilation\ Requirements KeptWidget normal arm64 com.apple.xcode.tools.swift.compiler (in target 'KeptWidget' from project 'Kept')
    cd /Users/runner/work/Appsales/Appsales
    builtin-Swift-Compilation-Requirements -- /Applications/Xcode_26.3.app/Contents/Developer/Toolchains/XcodeDefault.xctoolchain/usr/bin/swiftc -module-name KeptWidget -Onone -enforce-exclusivity\=checked @/Users/runner/Library/Developer/Xcode/DerivedData/Kept-epodaxjxwtzzpkappqnvuufzksrb/Build/Intermediates.noindex/Kept.build/Debug-iphonesimulator/KeptWidget.build/Objects-normal/arm64/KeptWidget.SwiftFileList -DDEBUG -enable-bare-slash-regex -enable-experimental-feature DebugDescriptionMacro -sdk /Applications/Xcode_26.3.app/Contents/Developer/Platforms/iPhoneSimulator.platform/Developer/SDKs/iPhoneSimulator26.2.sdk -target arm64-apple-ios17.0-simulator -g -module-cache-path /Users/runner/Library/Developer/Xcode/DerivedData/ModuleCache.noindex -Xfrontend -serialize-debugging-options -application-extension -enable-testing -index-store-path /Users/runner/Library/Developer/Xcode/DerivedData/Kept-epodaxjxwtzzpkappqnvuufzksrb/Index.noindex/DataStore -Xcc -D_LIBCPP_HARDENING_MODE\=_LIBCPP_HARDENING_MODE_DEBUG -swift-version 5 -I /Users/runner/Library/Developer/Xcode/DerivedData/Kept-epodaxjxwtzzpkappqnvuufzksrb/Build/Products/Debug-iphonesimulator -F /Users/runner/Library/Developer/Xcode/DerivedData/Kept-epodaxjxwtzzpkappqnvuufzksrb/Build/Products/Debug-iphonesimulator -c -j3 -enable-batch-mode -incremental -Xcc -ivfsstatcache -Xcc /Users/runner/Library/Developer/Xcode/DerivedData/SDKStatCaches.noindex/iphonesimulator26.2-23C57-dc75598d0054f22ec865fa860f139d72e244bd9a5feaf902f95f61bf06266e52.sdkstatcache -output-file-map /Users/runner/Library/Developer/Xcode/DerivedData/Kept-epodaxjxwtzzpkappqnvuufzksrb/Build/Intermediates.noindex/Kept.build/Debug-iphonesimulator/KeptWidget.build/Objects-normal/arm64/KeptWidget-OutputFileMap.json -use-frontend-parseable-output -save-temps -no-color-diagnostics -explicit-module-build -module-cache-path /Users/runner/Library/Developer/Xcode/DerivedData/Kept-epodaxjxwtzzpkappqnvuufzksrb/Build/Intermediates.noindex/SwiftExplicitPrecompiledModules -clang-scanner-module-cache-path /Users/runner/Library/Developer/Xcode/DerivedData/ModuleCache.noindex -sdk-module-cache-path /Users/runner/Library/Developer/Xcode/DerivedData/ModuleCache.noindex -serialize-diagnostics -emit-dependencies -emit-module -emit-module-path /Users/runner/Library/Developer/Xcode/DerivedData/Kept-epodaxjxwtzzpkappqnvuufzksrb/Build/Intermediates.noindex/Kept.build/Debug-iphonesimulator/KeptWidget.build/Objects-normal/arm64/KeptWidget.swiftmodule -validate-clang-modules-once -clang-build-session-file /Users/runner/Library/Developer/Xcode/DerivedData/ModuleCache.noindex/Session.modulevalidation -Xcc -I/Users/runner/Library/Developer/Xcode/DerivedData/Kept-epodaxjxwtzzpkappqnvuufzksrb/Build/Intermediates.noindex/Kept.build/Debug-iphonesimulator/KeptWidget.build/swift-overrides.hmap -emit-const-values -Xfrontend -const-gather-protocols-file -Xfrontend /Users/runner/Library/Developer/Xcode/DerivedData/Kept-epodaxjxwtzzpkappqnvuufzksrb/Build/Intermediates.noindex/Kept.build/Debug-iphonesimulator/KeptWidget.build/Objects-normal/arm64/KeptWidget_const_extract_protocols.json -Xcc -iquote -Xcc /Users/runner/Library/Developer/Xcode/DerivedData/Kept-epodaxjxwtzzpkappqnvuufzksrb/Build/Intermediates.noindex/Kept.build/Debug-iphonesimulator/KeptWidget.build/KeptWidget-generated-files.hmap -Xcc -I/Users/runner/Library/Developer/Xcode/DerivedData/Kept-epodaxjxwtzzpkappqnvuufzksrb/Build/Intermediates.noindex/Kept.build/Debug-iphonesimulator/KeptWidget.build/KeptWidget-own-target-headers.hmap -Xcc -I/Users/runner/Library/Developer/Xcode/DerivedData/Kept-epodaxjxwtzzpkappqnvuufzksrb/Build/Intermediates.noindex/Kept.build/Debug-iphonesimulator/KeptWidget.build/KeptWidget-all-target-headers.hmap -Xcc -iquote -Xcc /Users/runner/Library/Developer/Xcode/DerivedData/Kept-epodaxjxwtzzpkappqnvuufzksrb/Build/Intermediates.noindex/Kept.build/Debug-iphonesimulator/KeptWidget.build/KeptWidget-project-headers.hmap -Xcc -I/Users/runner/Library/Developer/Xcode/DerivedData/Kept-epodaxjxwtzzpkappqnvuufzksrb/Build/Products/Debug-iphonesimulator/include -Xcc -I/Users/runner/Library/Developer/Xcode/DerivedData/Kept-epodaxjxwtzzpkappqnvuufzksrb/Build/Intermediates.noindex/Kept.build/Debug-iphonesimulator/KeptWidget.build/DerivedSources-normal/arm64 -Xcc -I/Users/runner/Library/Developer/Xcode/DerivedData/Kept-epodaxjxwtzzpkappqnvuufzksrb/Build/Intermediates.noindex/Kept.build/Debug-iphonesimulator/KeptWidget.build/DerivedSources/arm64 -Xcc -I/Users/runner/Library/Developer/Xcode/DerivedData/Kept-epodaxjxwtzzpkappqnvuufzksrb/Build/Intermediates.noindex/Kept.build/Debug-iphonesimulator/KeptWidget.build/DerivedSources -Xcc -DDEBUG\=1 -emit-objc-header -emit-objc-header-path /Users/runner/Library/Developer/Xcode/DerivedData/Kept-epodaxjxwtzzpkappqnvuufzksrb/Build/Intermediates.noindex/Kept.build/Debug-iphonesimulator/KeptWidget.build/Objects-normal/arm64/KeptWidget-Swift.h -working-directory /Users/runner/work/Appsales/Appsales -experimental-emit-module-separately -disable-cmo

SwiftDriverJobDiscovery normal arm64 Compiling AIAssistant.swift, AIExport.swift, AppGroup.swift, BackupMerge.swift, Brand.swift, BulkEntryParser.swift, CSVImport.swift, DailyEstimate.swift, DayKey.swift, EstimateParser.swift, Habit.swift (in target 'KeptWidget' from project 'Kept')

SwiftMergeGeneratedHeaders /Users/runner/Library/Developer/Xcode/DerivedData/Kept-epodaxjxwtzzpkappqnvuufzksrb/Build/Intermediates.noindex/Kept.build/Debug-iphonesimulator/KeptWidget.build/DerivedSources/KeptWidget-Swift.h /Users/runner/Library/Developer/Xcode/DerivedData/Kept-epodaxjxwtzzpkappqnvuufzksrb/Build/Intermediates.noindex/Kept.build/Debug-iphonesimulator/KeptWidget.build/Objects-normal/arm64/KeptWidget-Swift.h (in target 'KeptWidget' from project 'Kept')
    cd /Users/runner/work/Appsales/Appsales
    builtin-swiftHeaderTool -arch arm64 /Users/runner/Library/Developer/Xcode/DerivedData/Kept-epodaxjxwtzzpkappqnvuufzksrb/Build/Intermediates.noindex/Kept.build/Debug-iphonesimulator/KeptWidget.build/Objects-normal/arm64/KeptWidget-Swift.h -o /Users/runner/Library/Developer/Xcode/DerivedData/Kept-epodaxjxwtzzpkappqnvuufzksrb/Build/Intermediates.noindex/Kept.build/Debug-iphonesimulator/KeptWidget.build/DerivedSources/KeptWidget-Swift.h

Copy /Users/runner/Library/Developer/Xcode/DerivedData/Kept-epodaxjxwtzzpkappqnvuufzksrb/Build/Products/Debug-iphonesimulator/KeptWidget.swiftmodule/arm64-apple-ios-simulator.swiftdoc /Users/runner/Library/Developer/Xcode/DerivedData/Kept-epodaxjxwtzzpkappqnvuufzksrb/Build/Intermediates.noindex/Kept.build/Debug-iphonesimulator/KeptWidget.build/Objects-normal/arm64/KeptWidget.swiftdoc (in target 'KeptWidget' from project 'Kept')
    cd /Users/runner/work/Appsales/Appsales
    builtin-copy -exclude .DS_Store -exclude CVS -exclude .svn -exclude .git -exclude .hg -resolve-src-symlinks -rename /Users/runner/Library/Developer/Xcode/DerivedData/Kept-epodaxjxwtzzpkappqnvuufzksrb/Build/Intermediates.noindex/Kept.build/Debug-iphonesimulator/KeptWidget.build/Objects-normal/arm64/KeptWidget.swiftdoc /Users/runner/Library/Developer/Xcode/DerivedData/Kept-epodaxjxwtzzpkappqnvuufzksrb/Build/Products/Debug-iphonesimulator/KeptWidget.swiftmodule/arm64-apple-ios-simulator.swiftdoc

Copy /Users/runner/Library/Developer/Xcode/DerivedData/Kept-epodaxjxwtzzpkappqnvuufzksrb/Build/Products/Debug-iphonesimulator/KeptWidget.swiftmodule/arm64-apple-ios-simulator.swiftmodule /Users/runner/Library/Developer/Xcode/DerivedData/Kept-epodaxjxwtzzpkappqnvuufzksrb/Build/Intermediates.noindex/Kept.build/Debug-iphonesimulator/KeptWidget.build/Objects-normal/arm64/KeptWidget.swiftmodule (in target 'KeptWidget' from project 'Kept')
    cd /Users/runner/work/Appsales/Appsales
    builtin-copy -exclude .DS_Store -exclude CVS -exclude .svn -exclude .git -exclude .hg -resolve-src-symlinks -rename /Users/runner/Library/Developer/Xcode/DerivedData/Kept-epodaxjxwtzzpkappqnvuufzksrb/Build/Intermediates.noindex/Kept.build/Debug-iphonesimulator/KeptWidget.build/Objects-normal/arm64/KeptWidget.swiftmodule /Users/runner/Library/Developer/Xcode/DerivedData/Kept-epodaxjxwtzzpkappqnvuufzksrb/Build/Products/Debug-iphonesimulator/KeptWidget.swiftmodule/arm64-apple-ios-simulator.swiftmodule

Copy /Users/runner/Library/Developer/Xcode/DerivedData/Kept-epodaxjxwtzzpkappqnvuufzksrb/Build/Products/Debug-iphonesimulator/KeptWidget.swiftmodule/arm64-apple-ios-simulator.abi.json /Users/runner/Library/Developer/Xcode/DerivedData/Kept-epodaxjxwtzzpkappqnvuufzksrb/Build/Intermediates.noindex/Kept.build/Debug-iphonesimulator/KeptWidget.build/Objects-normal/arm64/KeptWidget.abi.json (in target 'KeptWidget' from project 'Kept')
    cd /Users/runner/work/Appsales/Appsales
    builtin-copy -exclude .DS_Store -exclude CVS -exclude .svn -exclude .git -exclude .hg -resolve-src-symlinks -rename /Users/runner/Library/Developer/Xcode/DerivedData/Kept-epodaxjxwtzzpkappqnvuufzksrb/Build/Intermediates.noindex/Kept.build/Debug-iphonesimulator/KeptWidget.build/Objects-normal/arm64/KeptWidget.abi.json /Users/runner/Library/Developer/Xcode/DerivedData/Kept-epodaxjxwtzzpkappqnvuufzksrb/Build/Products/Debug-iphonesimulator/KeptWidget.swiftmodule/arm64-apple-ios-simulator.abi.json

Copy /Users/runner/Library/Developer/Xcode/DerivedData/Kept-epodaxjxwtzzpkappqnvuufzksrb/Build/Products/Debug-iphonesimulator/KeptWidget.swiftmodule/Project/arm64-apple-ios-simulator.swiftsourceinfo /Users/runner/Library/Developer/Xcode/DerivedData/Kept-epodaxjxwtzzpkappqnvuufzksrb/Build/Intermediates.noindex/Kept.build/Debug-iphonesimulator/KeptWidget.build/Objects-normal/arm64/KeptWidget.swiftsourceinfo (in target 'KeptWidget' from project 'Kept')
    cd /Users/runner/work/Appsales/Appsales
    builtin-copy -exclude .DS_Store -exclude CVS -exclude .svn -exclude .git -exclude .hg -resolve-src-symlinks -rename /Users/runner/Library/Developer/Xcode/DerivedData/Kept-epodaxjxwtzzpkappqnvuufzksrb/Build/Intermediates.noindex/Kept.build/Debug-iphonesimulator/KeptWidget.build/Objects-normal/arm64/KeptWidget.swiftsourceinfo /Users/runner/Library/Developer/Xcode/DerivedData/Kept-epodaxjxwtzzpkappqnvuufzksrb/Build/Products/Debug-iphonesimulator/KeptWidget.swiftmodule/Project/arm64-apple-ios-simulator.swiftsourceinfo

MkDir /Users/runner/Library/Developer/Xcode/DerivedData/Kept-epodaxjxwtzzpkappqnvuufzksrb/Build/Intermediates.noindex/Kept.build/Debug-iphonesimulator/Kept.build/assetcatalog_output/unthinned (in target 'Kept' from project 'Kept')
    cd /Users/runner/work/Appsales/Appsales
    /bin/mkdir -p /Users/runner/Library/Developer/Xcode/DerivedData/Kept-epodaxjxwtzzpkappqnvuufzksrb/Build/Intermediates.noindex/Kept.build/Debug-iphonesimulator/Kept.build/assetcatalog_output/unthinned

MkDir /Users/runner/Library/Developer/Xcode/DerivedData/Kept-epodaxjxwtzzpkappqnvuufzksrb/Build/Intermediates.noindex/Kept.build/Debug-iphonesimulator/Kept.build/assetcatalog_output/thinned (in target 'Kept' from project 'Kept')
    cd /Users/runner/work/Appsales/Appsales
    /bin/mkdir -p /Users/runner/Library/Developer/Xcode/DerivedData/Kept-epodaxjxwtzzpkappqnvuufzksrb/Build/Intermediates.noindex/Kept.build/Debug-iphonesimulator/Kept.build/assetcatalog_output/thinned

GenerateAssetSymbols /Users/runner/work/Appsales/Appsales/Kept/Assets.xcassets (in target 'Kept' from project 'Kept')
    cd /Users/runner/work/Appsales/Appsales
    /Applications/Xcode_26.3.app/Contents/Developer/usr/bin/actool /Users/runner/work/Appsales/Appsales/Kept/Assets.xcassets --compile /Users/runner/Library/Developer/Xcode/DerivedData/Kept-epodaxjxwtzzpkappqnvuufzksrb/Build/Products/Debug-iphonesimulator/Kept.app --output-format human-readable-text --notices --warnings --export-dependency-info /Users/runner/Library/Developer/Xcode/DerivedData/Kept-epodaxjxwtzzpkappqnvuufzksrb/Build/Intermediates.noindex/Kept.build/Debug-iphonesimulator/Kept.build/assetcatalog_dependencies --output-partial-info-plist /Users/runner/Library/Developer/Xcode/DerivedData/Kept-epodaxjxwtzzpkappqnvuufzksrb/Build/Intermediates.noindex/Kept.build/Debug-iphonesimulator/Kept.build/assetcatalog_generated_info.plist --app-icon AppIcon --accent-color AccentColor --compress-pngs --enable-on-demand-resources YES --development-region en --target-device iphone --target-device ipad --minimum-deployment-target 17.0 --platform iphonesimulator --bundle-identifier com.messagegabrielhere.kept --generate-swift-asset-symbol-extensions NO --generate-swift-asset-symbols /Users/runner/Library/Developer/Xcode/DerivedData/Kept-epodaxjxwtzzpkappqnvuufzksrb/Build/Intermediates.noindex/Kept.build/Debug-iphonesimulator/Kept.build/DerivedSources/GeneratedAssetSymbols.swift --generate-objc-asset-symbols /Users/runner/Library/Developer/Xcode/DerivedData/Kept-epodaxjxwtzzpkappqnvuufzksrb/Build/Intermediates.noindex/Kept.build/Debug-iphonesimulator/Kept.build/DerivedSources/GeneratedAssetSymbols.h --generate-asset-symbol-index /Users/runner/Library/Developer/Xcode/DerivedData/Kept-epodaxjxwtzzpkappqnvuufzksrb/Build/Intermediates.noindex/Kept.build/Debug-iphonesimulator/Kept.build/DerivedSources/GeneratedAssetSymbols-Index.plist
/* com.apple.actool.compilation-results */
/Users/runner/Library/Developer/Xcode/DerivedData/Kept-epodaxjxwtzzpkappqnvuufzksrb/Build/Intermediates.noindex/Kept.build/Debug-iphonesimulator/Kept.build/DerivedSources/GeneratedAssetSymbols-Index.plist
/Users/runner/Library/Developer/Xcode/DerivedData/Kept-epodaxjxwtzzpkappqnvuufzksrb/Build/Intermediates.noindex/Kept.build/Debug-iphonesimulator/Kept.build/DerivedSources/GeneratedAssetSymbols.h
/Users/runner/Library/Developer/Xcode/DerivedData/Kept-epodaxjxwtzzpkappqnvuufzksrb/Build/Intermediates.noindex/Kept.build/Debug-iphonesimulator/Kept.build/DerivedSources/GeneratedAssetSymbols.swift


CompileAssetCatalogVariant thinned /Users/runner/Library/Developer/Xcode/DerivedData/Kept-epodaxjxwtzzpkappqnvuufzksrb/Build/Products/Debug-iphonesimulator/Kept.app /Users/runner/work/Appsales/Appsales/Kept/Assets.xcassets (in target 'Kept' from project 'Kept')
    cd /Users/runner/work/Appsales/Appsales
    /Applications/Xcode_26.3.app/Contents/Developer/usr/bin/actool /Users/runner/work/Appsales/Appsales/Kept/Assets.xcassets --compile /Users/runner/Library/Developer/Xcode/DerivedData/Kept-epodaxjxwtzzpkappqnvuufzksrb/Build/Intermediates.noindex/Kept.build/Debug-iphonesimulator/Kept.build/assetcatalog_output/thinned --output-format human-readable-text --notices --warnings --export-dependency-info /Users/runner/Library/Developer/Xcode/DerivedData/Kept-epodaxjxwtzzpkappqnvuufzksrb/Build/Intermediates.noindex/Kept.build/Debug-iphonesimulator/Kept.build/assetcatalog_dependencies_thinned --output-partial-info-plist /Users/runner/Library/Developer/Xcode/DerivedData/Kept-epodaxjxwtzzpkappqnvuufzksrb/Build/Intermediates.noindex/Kept.build/Debug-iphonesimulator/Kept.build/assetcatalog_generated_info.plist_thinned --app-icon AppIcon --accent-color AccentColor --compress-pngs --enable-on-demand-resources YES --filter-for-thinning-device-configuration iPhone17,1 --filter-for-device-os-version 18.5 --development-region en --target-device iphone --target-device ipad --minimum-deployment-target 17.0 --platform iphonesimulator
/* com.apple.actool.compilation-results */
/Users/runner/Library/Developer/Xcode/DerivedData/Kept-epodaxjxwtzzpkappqnvuufzksrb/Build/Intermediates.noindex/Kept.build/Debug-iphonesimulator/Kept.build/assetcatalog_generated_info.plist_thinned
/Users/runner/Library/Developer/Xcode/DerivedData/Kept-epodaxjxwtzzpkappqnvuufzksrb/Build/Intermediates.noindex/Kept.build/Debug-iphonesimulator/Kept.build/assetcatalog_output/thinned/AppIcon60x60@2x.png
/Users/runner/Library/Developer/Xcode/DerivedData/Kept-epodaxjxwtzzpkappqnvuufzksrb/Build/Intermediates.noindex/Kept.build/Debug-iphonesimulator/Kept.build/assetcatalog_output/thinned/AppIcon76x76@2x~ipad.png
/Users/runner/Library/Developer/Xcode/DerivedData/Kept-epodaxjxwtzzpkappqnvuufzksrb/Build/Intermediates.noindex/Kept.build/Debug-iphonesimulator/Kept.build/assetcatalog_output/thinned/Assets.car


SwiftDriverJobDiscovery normal arm64 Compiling HabitFileStore.swift, HabitIntents.swift, HabitPalette.swift, HabitStore.swift, HealthDay.swift, KeptDateCoding.swift, KeptFiles.swift, KeptSettings.swift, KeptWidget.swift, KeptWidgetBundle.swift (in target 'KeptWidget' from project 'Kept')

SwiftDriverJobDiscovery normal arm64 Compiling KeptWidgetView.swift, LabelParser.swift, LogEntry.swift, LogInsights.swift, ReminderPlanner.swift, ReviewPrompt.swift, SpeechSplitter.swift, StreakCalculator.swift, UnlockPolicy.swift, VolumeFormat.swift (in target 'KeptWidget' from project 'Kept')

SwiftDriver\ Compilation KeptWidget normal arm64 com.apple.xcode.tools.swift.compiler (in target 'KeptWidget' from project 'Kept')
    cd /Users/runner/work/Appsales/Appsales
    builtin-Swift-Compilation -- /Applications/Xcode_26.3.app/Contents/Developer/Toolchains/XcodeDefault.xctoolchain/usr/bin/swiftc -module-name KeptWidget -Onone -enforce-exclusivity\=checked @/Users/runner/Library/Developer/Xcode/DerivedData/Kept-epodaxjxwtzzpkappqnvuufzksrb/Build/Intermediates.noindex/Kept.build/Debug-iphonesimulator/KeptWidget.build/Objects-normal/arm64/KeptWidget.SwiftFileList -DDEBUG -enable-bare-slash-regex -enable-experimental-feature DebugDescriptionMacro -sdk /Applications/Xcode_26.3.app/Contents/Developer/Platforms/iPhoneSimulator.platform/Developer/SDKs/iPhoneSimulator26.2.sdk -target arm64-apple-ios17.0-simulator -g -module-cache-path /Users/runner/Library/Developer/Xcode/DerivedData/ModuleCache.noindex -Xfrontend -serialize-debugging-options -application-extension -enable-testing -index-store-path /Users/runner/Library/Developer/Xcode/DerivedData/Kept-epodaxjxwtzzpkappqnvuufzksrb/Index.noindex/DataStore -Xcc -D_LIBCPP_HARDENING_MODE\=_LIBCPP_HARDENING_MODE_DEBUG -swift-version 5 -I /Users/runner/Library/Developer/Xcode/DerivedData/Kept-epodaxjxwtzzpkappqnvuufzksrb/Build/Products/Debug-iphonesimulator -F /Users/runner/Library/Developer/Xcode/DerivedData/Kept-epodaxjxwtzzpkappqnvuufzksrb/Build/Products/Debug-iphonesimulator -c -j3 -enable-batch-mode -incremental -Xcc -ivfsstatcache -Xcc /Users/runner/Library/Developer/Xcode/DerivedData/SDKStatCaches.noindex/iphonesimulator26.2-23C57-dc75598d0054f22ec865fa860f139d72e244bd9a5feaf902f95f61bf06266e52.sdkstatcache -output-file-map /Users/runner/Library/Developer/Xcode/DerivedData/Kept-epodaxjxwtzzpkappqnvuufzksrb/Build/Intermediates.noindex/Kept.build/Debug-iphonesimulator/KeptWidget.build/Objects-normal/arm64/KeptWidget-OutputFileMap.json -use-frontend-parseable-output -save-temps -no-color-diagnostics -explicit-module-build -module-cache-path /Users/runner/Library/Developer/Xcode/DerivedData/Kept-epodaxjxwtzzpkappqnvuufzksrb/Build/Intermediates.noindex/SwiftExplicitPrecompiledModules -clang-scanner-module-cache-path /Users/runner/Library/Developer/Xcode/DerivedData/ModuleCache.noindex -sdk-module-cache-path /Users/runner/Library/Developer/Xcode/DerivedData/ModuleCache.noindex -serialize-diagnostics -emit-dependencies -emit-module -emit-module-path /Users/runner/Library/Developer/Xcode/DerivedData/Kept-epodaxjxwtzzpkappqnvuufzksrb/Build/Intermediates.noindex/Kept.build/Debug-iphonesimulator/KeptWidget.build/Objects-normal/arm64/KeptWidget.swiftmodule -validate-clang-modules-once -clang-build-session-file /Users/runner/Library/Developer/Xcode/DerivedData/ModuleCache.noindex/Session.modulevalidation -Xcc -I/Users/runner/Library/Developer/Xcode/DerivedData/Kept-epodaxjxwtzzpkappqnvuufzksrb/Build/Intermediates.noindex/Kept.build/Debug-iphonesimulator/KeptWidget.build/swift-overrides.hmap -emit-const-values -Xfrontend -const-gather-protocols-file -Xfrontend /Users/runner/Library/Developer/Xcode/DerivedData/Kept-epodaxjxwtzzpkappqnvuufzksrb/Build/Intermediates.noindex/Kept.build/Debug-iphonesimulator/KeptWidget.build/Objects-normal/arm64/KeptWidget_const_extract_protocols.json -Xcc -iquote -Xcc /Users/runner/Library/Developer/Xcode/DerivedData/Kept-epodaxjxwtzzpkappqnvuufzksrb/Build/Intermediates.noindex/Kept.build/Debug-iphonesimulator/KeptWidget.build/KeptWidget-generated-files.hmap -Xcc -I/Users/runner/Library/Developer/Xcode/DerivedData/Kept-epodaxjxwtzzpkappqnvuufzksrb/Build/Intermediates.noindex/Kept.build/Debug-iphonesimulator/KeptWidget.build/KeptWidget-own-target-headers.hmap -Xcc -I/Users/runner/Library/Developer/Xcode/DerivedData/Kept-epodaxjxwtzzpkappqnvuufzksrb/Build/Intermediates.noindex/Kept.build/Debug-iphonesimulator/KeptWidget.build/KeptWidget-all-target-headers.hmap -Xcc -iquote -Xcc /Users/runner/Library/Developer/Xcode/DerivedData/Kept-epodaxjxwtzzpkappqnvuufzksrb/Build/Intermediates.noindex/Kept.build/Debug-iphonesimulator/KeptWidget.build/KeptWidget-project-headers.hmap -Xcc -I/Users/runner/Library/Developer/Xcode/DerivedData/Kept-epodaxjxwtzzpkappqnvuufzksrb/Build/Products/Debug-iphonesimulator/include -Xcc -I/Users/runner/Library/Developer/Xcode/DerivedData/Kept-epodaxjxwtzzpkappqnvuufzksrb/Build/Intermediates.noindex/Kept.build/Debug-iphonesimulator/KeptWidget.build/DerivedSources-normal/arm64 -Xcc -I/Users/runner/Library/Developer/Xcode/DerivedData/Kept-epodaxjxwtzzpkappqnvuufzksrb/Build/Intermediates.noindex/Kept.build/Debug-iphonesimulator/KeptWidget.build/DerivedSources/arm64 -Xcc -I/Users/runner/Library/Developer/Xcode/DerivedData/Kept-epodaxjxwtzzpkappqnvuufzksrb/Build/Intermediates.noindex/Kept.build/Debug-iphonesimulator/KeptWidget.build/DerivedSources -Xcc -DDEBUG\=1 -emit-objc-header -emit-objc-header-path /Users/runner/Library/Developer/Xcode/DerivedData/Kept-epodaxjxwtzzpkappqnvuufzksrb/Build/Intermediates.noindex/Kept.build/Debug-iphonesimulator/KeptWidget.build/Objects-normal/arm64/KeptWidget-Swift.h -working-directory /Users/runner/work/Appsales/Appsales -experimental-emit-module-separately -disable-cmo

SwiftDriver Kept normal arm64 com.apple.xcode.tools.swift.compiler (in target 'Kept' from project 'Kept')
    cd /Users/runner/work/Appsales/Appsales
    builtin-SwiftDriver -- /Applications/Xcode_26.3.app/Contents/Developer/Toolchains/XcodeDefault.xctoolchain/usr/bin/swiftc -module-name Kept -Onone -enforce-exclusivity\=checked @/Users/runner/Library/Developer/Xcode/DerivedData/Kept-epodaxjxwtzzpkappqnvuufzksrb/Build/Intermediates.noindex/Kept.build/Debug-iphonesimulator/Kept.build/Objects-normal/arm64/Kept.SwiftFileList -DDEBUG -enable-bare-slash-regex -enable-experimental-feature DebugDescriptionMacro -sdk /Applications/Xcode_26.3.app/Contents/Developer/Platforms/iPhoneSimulator.platform/Developer/SDKs/iPhoneSimulator26.2.sdk -target arm64-apple-ios17.0-simulator -g -module-cache-path /Users/runner/Library/Developer/Xcode/DerivedData/ModuleCache.noindex -Xfrontend -serialize-debugging-options -enable-testing -index-store-path /Users/runner/Library/Developer/Xcode/DerivedData/Kept-epodaxjxwtzzpkappqnvuufzksrb/Index.noindex/DataStore -Xcc -D_LIBCPP_HARDENING_MODE\=_LIBCPP_HARDENING_MODE_DEBUG -swift-version 5 -I /Users/runner/Library/Developer/Xcode/DerivedData/Kept-epodaxjxwtzzpkappqnvuufzksrb/Build/Products/Debug-iphonesimulator -F /Users/runner/Library/Developer/Xcode/DerivedData/Kept-epodaxjxwtzzpkappqnvuufzksrb/Build/Products/Debug-iphonesimulator -emit-localized-strings -emit-localized-strings-path /Users/runner/Library/Developer/Xcode/DerivedData/Kept-epodaxjxwtzzpkappqnvuufzksrb/Build/Intermediates.noindex/Kept.build/Debug-iphonesimulator/Kept.build/Objects-normal/arm64 -c -j3 -enable-batch-mode -incremental -Xcc -ivfsstatcache -Xcc /Users/runner/Library/Developer/Xcode/DerivedData/SDKStatCaches.noindex/iphonesimulator26.2-23C57-dc75598d0054f22ec865fa860f139d72e244bd9a5feaf902f95f61bf06266e52.sdkstatcache -output-file-map /Users/runner/Library/Developer/Xcode/DerivedData/Kept-epodaxjxwtzzpkappqnvuufzksrb/Build/Intermediates.noindex/Kept.build/Debug-iphonesimulator/Kept.build/Objects-normal/arm64/Kept-OutputFileMap.json -use-frontend-parseable-output -save-temps -no-color-diagnostics -explicit-module-build -module-cache-path /Users/runner/Library/Developer/Xcode/DerivedData/Kept-epodaxjxwtzzpkappqnvuufzksrb/Build/Intermediates.noindex/SwiftExplicitPrecompiledModules -clang-scanner-module-cache-path /Users/runner/Library/Developer/Xcode/DerivedData/ModuleCache.noindex -sdk-module-cache-path /Users/runner/Library/Developer/Xcode/DerivedData/ModuleCache.noindex -serialize-diagnostics -emit-dependencies -emit-module -emit-module-path /Users/runner/Library/Developer/Xcode/DerivedData/Kept-epodaxjxwtzzpkappqnvuufzksrb/Build/Intermediates.noindex/Kept.build/Debug-iphonesimulator/Kept.build/Objects-normal/arm64/Kept.swiftmodule -validate-clang-modules-once -clang-build-session-file /Users/runner/Library/Developer/Xcode/DerivedData/ModuleCache.noindex/Session.modulevalidation -Xcc -I/Users/runner/Library/Developer/Xcode/DerivedData/Kept-epodaxjxwtzzpkappqnvuufzksrb/Build/Intermediates.noindex/Kept.build/Debug-iphonesimulator/Kept.build/swift-overrides.hmap -emit-const-values -Xfrontend -const-gather-protocols-file -Xfrontend /Users/runner/Library/Developer/Xcode/DerivedData/Kept-epodaxjxwtzzpkappqnvuufzksrb/Build/Intermediates.noindex/Kept.build/Debug-iphonesimulator/Kept.build/Objects-normal/arm64/Kept_const_extract_protocols.json -Xcc -iquote -Xcc /Users/runner/Library/Developer/Xcode/DerivedData/Kept-epodaxjxwtzzpkappqnvuufzksrb/Build/Intermediates.noindex/Kept.build/Debug-iphonesimulator/Kept.build/Kept-generated-files.hmap -Xcc -I/Users/runner/Library/Developer/Xcode/DerivedData/Kept-epodaxjxwtzzpkappqnvuufzksrb/Build/Intermediates.noindex/Kept.build/Debug-iphonesimulator/Kept.build/Kept-own-target-headers.hmap -Xcc -I/Users/runner/Library/Developer/Xcode/DerivedData/Kept-epodaxjxwtzzpkappqnvuufzksrb/Build/Intermediates.noindex/Kept.build/Debug-iphonesimulator/Kept.build/Kept-all-target-headers.hmap -Xcc -iquote -Xcc /Users/runner/Library/Developer/Xcode/DerivedData/Kept-epodaxjxwtzzpkappqnvuufzksrb/Build/Intermediates.noindex/Kept.build/Debug-iphonesimulator/Kept.build/Kept-project-headers.hmap -Xcc -I/Users/runner/Library/Developer/Xcode/DerivedData/Kept-epodaxjxwtzzpkappqnvuufzksrb/Build/Products/Debug-iphonesimulator/include -Xcc -I/Users/runner/Library/Developer/Xcode/DerivedData/Kept-epodaxjxwtzzpkappqnvuufzksrb/Build/Intermediates.noindex/Kept.build/Debug-iphonesimulator/Kept.build/DerivedSources-normal/arm64 -Xcc -I/Users/runner/Library/Developer/Xcode/DerivedData/Kept-epodaxjxwtzzpkappqnvuufzksrb/Build/Intermediates.noindex/Kept.build/Debug-iphonesimulator/Kept.build/DerivedSources/arm64 -Xcc -I/Users/runner/Library/Developer/Xcode/DerivedData/Kept-epodaxjxwtzzpkappqnvuufzksrb/Build/Intermediates.noindex/Kept.build/Debug-iphonesimulator/Kept.build/DerivedSources -Xcc -DDEBUG\=1 -emit-objc-header -emit-objc-header-path /Users/runner/Library/Developer/Xcode/DerivedData/Kept-epodaxjxwtzzpkappqnvuufzksrb/Build/Intermediates.noindex/Kept.build/Debug-iphonesimulator/Kept.build/Objects-normal/arm64/Kept-Swift.h -working-directory /Users/runner/work/Appsales/Appsales -experimental-emit-module-separately -disable-cmo

Ld /Users/runner/Library/Developer/Xcode/DerivedData/Kept-epodaxjxwtzzpkappqnvuufzksrb/Build/Products/Debug-iphonesimulator/KeptWidget.appex/KeptWidget.debug.dylib normal (in target 'KeptWidget' from project 'Kept')
    cd /Users/runner/work/Appsales/Appsales
    /Applications/Xcode_26.3.app/Contents/Developer/Toolchains/XcodeDefault.xctoolchain/usr/bin/clang -Xlinker -reproducible -target arm64-apple-ios17.0-simulator -dynamiclib -isysroot /Applications/Xcode_26.3.app/Contents/Developer/Platforms/iPhoneSimulator.platform/Developer/SDKs/iPhoneSimulator26.2.sdk -O0 -L/Users/runner/Library/Developer/Xcode/DerivedData/Kept-epodaxjxwtzzpkappqnvuufzksrb/Build/Intermediates.noindex/EagerLinkingTBDs/Debug-iphonesimulator -L/Users/runner/Library/Developer/Xcode/DerivedData/Kept-epodaxjxwtzzpkappqnvuufzksrb/Build/Products/Debug-iphonesimulator -F/Users/runner/Library/Developer/Xcode/DerivedData/Kept-epodaxjxwtzzpkappqnvuufzksrb/Build/Intermediates.noindex/EagerLinkingTBDs/Debug-iphonesimulator -F/Users/runner/Library/Developer/Xcode/DerivedData/Kept-epodaxjxwtzzpkappqnvuufzksrb/Build/Products/Debug-iphonesimulator -filelist /Users/runner/Library/Developer/Xcode/DerivedData/Kept-epodaxjxwtzzpkappqnvuufzksrb/Build/Intermediates.noindex/Kept.build/Debug-iphonesimulator/KeptWidget.build/Objects-normal/arm64/KeptWidget.LinkFileList -install_name @rpath/KeptWidget.debug.dylib -Xlinker -rpath -Xlinker /usr/lib/swift -Xlinker -rpath -Xlinker @executable_path/Frameworks -Xlinker -rpath -Xlinker @executable_path/../../Frameworks -dead_strip -Xlinker -object_path_lto -Xlinker /Users/runner/Library/Developer/Xcode/DerivedData/Kept-epodaxjxwtzzpkappqnvuufzksrb/Build/Intermediates.noindex/Kept.build/Debug-iphonesimulator/KeptWidget.build/Objects-normal/arm64/KeptWidget_lto.o -rdynamic -Xlinker -no_deduplicate -Xlinker -objc_abi_version -Xlinker 2 -Xlinker -dependency_info -Xlinker /Users/runner/Library/Developer/Xcode/DerivedData/Kept-epodaxjxwtzzpkappqnvuufzksrb/Build/Intermediates.noindex/Kept.build/Debug-iphonesimulator/KeptWidget.build/Objects-normal/arm64/KeptWidget_dependency_info.dat -fapplication-extension -fobjc-link-runtime -L/Applications/Xcode_26.3.app/Contents/Developer/Toolchains/XcodeDefault.xctoolchain/usr/lib/swift/iphonesimulator -L/usr/lib/swift -Xlinker -add_ast_path -Xlinker /Users/runner/Library/Developer/Xcode/DerivedData/Kept-epodaxjxwtzzpkappqnvuufzksrb/Build/Intermediates.noindex/Kept.build/Debug-iphonesimulator/KeptWidget.build/Objects-normal/arm64/KeptWidget.swiftmodule @/Users/runner/Library/Developer/Xcode/DerivedData/Kept-epodaxjxwtzzpkappqnvuufzksrb/Build/Intermediates.noindex/Kept.build/Debug-iphonesimulator/KeptWidget.build/Objects-normal/arm64/KeptWidget-linker-args.resp -Xlinker -alias -Xlinker _NSExtensionMain -Xlinker ___debug_main_executable_dylib_entry_point -o /Users/runner/Library/Developer/Xcode/DerivedData/Kept-epodaxjxwtzzpkappqnvuufzksrb/Build/Products/Debug-iphonesimulator/KeptWidget.appex/KeptWidget.debug.dylib

ConstructStubExecutorLinkFileList /Users/runner/Library/Developer/Xcode/DerivedData/Kept-epodaxjxwtzzpkappqnvuufzksrb/Build/Intermediates.noindex/Kept.build/Debug-iphonesimulator/KeptWidget.build/KeptWidget-ExecutorLinkFileList-normal-arm64.txt (in target 'KeptWidget' from project 'Kept')
    cd /Users/runner/work/Appsales/Appsales
    construct-stub-executor-link-file-list /Users/runner/Library/Developer/Xcode/DerivedData/Kept-epodaxjxwtzzpkappqnvuufzksrb/Build/Products/Debug-iphonesimulator/KeptWidget.appex/KeptWidget.debug.dylib /Applications/Xcode_26.3.app/Contents/Developer/Platforms/iPhoneSimulator.platform/Developer/usr/lib/libPreviewsJITStubExecutor_no_swift_entry_point.a /Applications/Xcode_26.3.app/Contents/Developer/Platforms/iPhoneSimulator.platform/Developer/usr/lib/libPreviewsJITStubExecutor.a --output /Users/runner/Library/Developer/Xcode/DerivedData/Kept-epodaxjxwtzzpkappqnvuufzksrb/Build/Intermediates.noindex/Kept.build/Debug-iphonesimulator/KeptWidget.build/KeptWidget-ExecutorLinkFileList-normal-arm64.txt
note: Using stub executor library with Swift entry point. (in target 'KeptWidget' from project 'Kept')

Ld /Users/runner/Library/Developer/Xcode/DerivedData/Kept-epodaxjxwtzzpkappqnvuufzksrb/Build/Products/Debug-iphonesimulator/KeptWidget.appex/KeptWidget normal (in target 'KeptWidget' from project 'Kept')
    cd /Users/runner/work/Appsales/Appsales
    /Applications/Xcode_26.3.app/Contents/Developer/Toolchains/XcodeDefault.xctoolchain/usr/bin/clang -Xlinker -reproducible -target arm64-apple-ios17.0-simulator -isysroot /Applications/Xcode_26.3.app/Contents/Developer/Platforms/iPhoneSimulator.platform/Developer/SDKs/iPhoneSimulator26.2.sdk -O0 -L/Users/runner/Library/Developer/Xcode/DerivedData/Kept-epodaxjxwtzzpkappqnvuufzksrb/Build/Products/Debug-iphonesimulator -F/Users/runner/Library/Developer/Xcode/DerivedData/Kept-epodaxjxwtzzpkappqnvuufzksrb/Build/Products/Debug-iphonesimulator -Xlinker -rpath -Xlinker @executable_path -Xlinker -rpath -Xlinker @executable_path/Frameworks -Xlinker -rpath -Xlinker @executable_path/../../Frameworks -rdynamic -Xlinker -no_deduplicate -Xlinker -objc_abi_version -Xlinker 2 -e ___debug_blank_executor_main -Xlinker -sectcreate -Xlinker __TEXT -Xlinker __debug_dylib -Xlinker /Users/runner/Library/Developer/Xcode/DerivedData/Kept-epodaxjxwtzzpkappqnvuufzksrb/Build/Intermediates.noindex/Kept.build/Debug-iphonesimulator/KeptWidget.build/KeptWidget-DebugDylibPath-normal-arm64.txt -Xlinker -sectcreate -Xlinker __TEXT -Xlinker __debug_entry -Xlinker /Users/runner/Library/Developer/Xcode/DerivedData/Kept-epodaxjxwtzzpkappqnvuufzksrb/Build/Intermediates.noindex/Kept.build/Debug-iphonesimulator/KeptWidget.build/KeptWidget-DebugEntryPoint-normal-arm64.txt -Xlinker -sectcreate -Xlinker __TEXT -Xlinker __debug_instlnm -Xlinker /Users/runner/Library/Developer/Xcode/DerivedData/Kept-epodaxjxwtzzpkappqnvuufzksrb/Build/Intermediates.noindex/Kept.build/Debug-iphonesimulator/KeptWidget.build/KeptWidget-DebugDylibInstallName-normal-arm64.txt -Xlinker -filelist -Xlinker /Users/runner/Library/Developer/Xcode/DerivedData/Kept-epodaxjxwtzzpkappqnvuufzksrb/Build/Intermediates.noindex/Kept.build/Debug-iphonesimulator/KeptWidget.build/KeptWidget-ExecutorLinkFileList-normal-arm64.txt /Users/runner/Library/Developer/Xcode/DerivedData/Kept-epodaxjxwtzzpkappqnvuufzksrb/Build/Products/Debug-iphonesimulator/KeptWidget.appex/KeptWidget.debug.dylib -o /Users/runner/Library/Developer/Xcode/DerivedData/Kept-epodaxjxwtzzpkappqnvuufzksrb/Build/Products/Debug-iphonesimulator/KeptWidget.appex/KeptWidget

ExtractAppIntentsMetadata (in target 'KeptWidget' from project 'Kept')
    cd /Users/runner/work/Appsales/Appsales
    /Applications/Xcode_26.3.app/Contents/Developer/Toolchains/XcodeDefault.xctoolchain/usr/bin/appintentsmetadataprocessor --toolchain-dir /var/run/com.apple.security.cryptexd/mnt/com.apple.MobileAsset.MetalToolchain-v17.3.7003.10.9Wja0I/Metal.xctoolchain --module-name KeptWidget --sdk-root /Applications/Xcode_26.3.app/Contents/Developer/Platforms/iPhoneSimulator.platform/Developer/SDKs/iPhoneSimulator26.2.sdk --xcode-version 17C529 --platform-family iOS --deployment-target 17.0 --bundle-identifier com.messagegabrielhere.kept.widget --output /Users/runner/Library/Developer/Xcode/DerivedData/Kept-epodaxjxwtzzpkappqnvuufzksrb/Build/Products/Debug-iphonesimulator/KeptWidget.appex --target-triple arm64-apple-ios17.0-simulator --binary-file /Users/runner/Library/Developer/Xcode/DerivedData/Kept-epodaxjxwtzzpkappqnvuufzksrb/Build/Products/Debug-iphonesimulator/KeptWidget.appex/KeptWidget --dependency-file /Users/runner/Library/Developer/Xcode/DerivedData/Kept-epodaxjxwtzzpkappqnvuufzksrb/Build/Intermediates.noindex/Kept.build/Debug-iphonesimulator/KeptWidget.build/Objects-normal/arm64/KeptWidget_dependency_info.dat --stringsdata-file /Users/runner/Library/Developer/Xcode/DerivedData/Kept-epodaxjxwtzzpkappqnvuufzksrb/Build/Intermediates.noindex/Kept.build/Debug-iphonesimulator/KeptWidget.build/Objects-normal/arm64/ExtractedAppShortcutsMetadata.stringsdata --source-file-list /Users/runner/Library/Developer/Xcode/DerivedData/Kept-epodaxjxwtzzpkappqnvuufzksrb/Build/Intermediates.noindex/Kept.build/Debug-iphonesimulator/KeptWidget.build/Objects-normal/arm64/KeptWidget.SwiftFileList --metadata-file-list /Users/runner/Library/Developer/Xcode/DerivedData/Kept-epodaxjxwtzzpkappqnvuufzksrb/Build/Intermediates.noindex/Kept.build/Debug-iphonesimulator/KeptWidget.build/KeptWidget.DependencyMetadataFileList --static-metadata-file-list /Users/runner/Library/Developer/Xcode/DerivedData/Kept-epodaxjxwtzzpkappqnvuufzksrb/Build/Intermediates.noindex/Kept.build/Debug-iphonesimulator/KeptWidget.build/KeptWidget.DependencyStaticMetadataFileList --swift-const-vals-list /Users/runner/Library/Developer/Xcode/DerivedData/Kept-epodaxjxwtzzpkappqnvuufzksrb/Build/Intermediates.noindex/Kept.build/Debug-iphonesimulator/KeptWidget.build/Objects-normal/arm64/KeptWidget.SwiftConstValuesFileList --compile-time-extraction --deployment-aware-processing --validate-assistant-intents --no-app-shortcuts-localization
2026-10-09 16:50:47.516 appintentsmetadataprocessor[10826:34535] Starting appintentsmetadataprocessor export
2026-10-09 16:50:48.997 appintentsmetadataprocessor[10826:34535] Writing Metadata.appintents
2026-10-09 16:50:49.021 appintentsmetadataprocessor[10826:34535] Metadata root: /Users/runner/Library/Developer/Xcode/DerivedData/Kept-epodaxjxwtzzpkappqnvuufzksrb/Build/Products/Debug-iphonesimulator/KeptWidget.appex/Metadata.appintents

SwiftExplicitDependencyGeneratePcm arm64 /Users/runner/Library/Developer/Xcode/DerivedData/ModuleCache.noindex/_Builtin_stdbool-1UXPX3B11292KP95VIAL067GG.pcm

SwiftExplicitDependencyGeneratePcm arm64 /Users/runner/Library/Developer/Xcode/DerivedData/ModuleCache.noindex/DeveloperToolsSupport-33CWZXW11OZOMTWZRLCD0C8RL.pcm

SwiftExplicitDependencyGeneratePcm arm64 /Users/runner/Library/Developer/Xcode/DerivedData/ModuleCache.noindex/SwiftShims-6LCDW2X4QH61HTTYRGLQBESQW.pcm

SwiftExplicitDependencyGeneratePcm arm64 /Users/runner/Library/Developer/Xcode/DerivedData/ModuleCache.noindex/_SwiftConcurrencyShims-8BG66MPCCFZ034WL46G8AIOMU.pcm

SwiftExplicitDependencyGeneratePcm arm64 /Users/runner/Library/Developer/Xcode/DerivedData/ModuleCache.noindex/ActivityKit-ENY8CZ9EDW7U9Y3OAWD5UYNM3.pcm

SwiftExplicitDependencyGeneratePcm arm64 /Users/runner/Library/Developer/Xcode/DerivedData/ModuleCache.noindex/_Builtin_float-6MDK9TTC7Y990V1SQ766WW7N3.pcm

SwiftExplicitDependencyGeneratePcm arm64 /Users/runner/Library/Developer/Xcode/DerivedData/ModuleCache.noindex/ptrauth-CZL36FG0U9UDJOEX9L3FXUWIA.pcm

SwiftExplicitDependencyGeneratePcm arm64 /Users/runner/Library/Developer/Xcode/DerivedData/ModuleCache.noindex/_Builtin_stdarg-80ZVKY6E4LAN7AUQTEVS4RY7V.pcm

SwiftExplicitDependencyGeneratePcm arm64 /Users/runner/Library/Developer/Xcode/DerivedData/ModuleCache.noindex/_AvailabilityInternal-4V57YXGECA9I7A18YE4AZ18UT.pcm

SwiftExplicitDependencyGeneratePcm arm64 /Users/runner/Library/Developer/Xcode/DerivedData/ModuleCache.noindex/_Builtin_stddef-7E87Y9J0BNCH4XX2IAP5XDESI.pcm

SwiftExplicitDependencyGeneratePcm arm64 /Users/runner/Library/Developer/Xcode/DerivedData/ModuleCache.noindex/_StoreKit_SwiftUI-1H0Y302T9401PZDBMOMDMW3O3.pcm

SwiftExplicitDependencyGeneratePcm arm64 /Users/runner/Library/Developer/Xcode/DerivedData/ModuleCache.noindex/ptrcheck-6MBIPEOAY3QFNOGD7KTTMFJDP.pcm

AppIntentsSSUTraining (in target 'KeptWidget' from project 'Kept')
    cd /Users/runner/work/Appsales/Appsales
    /Applications/Xcode_26.3.app/Contents/Developer/Toolchains/XcodeDefault.xctoolchain/usr/bin/appintentsnltrainingprocessor --infoplist-path /Users/runner/Library/Developer/Xcode/DerivedData/Kept-epodaxjxwtzzpkappqnvuufzksrb/Build/Products/Debug-iphonesimulator/KeptWidget.appex/Info.plist --temp-dir-path /Users/runner/Library/Developer/Xcode/DerivedData/Kept-epodaxjxwtzzpkappqnvuufzksrb/Build/Intermediates.noindex/Kept.build/Debug-iphonesimulator/KeptWidget.build/ssu --bundle-id com.messagegabrielhere.kept.widget --product-path /Users/runner/Library/Developer/Xcode/DerivedData/Kept-epodaxjxwtzzpkappqnvuufzksrb/Build/Products/Debug-iphonesimulator/KeptWidget.appex --extracted-metadata-path /Users/runner/Library/Developer/Xcode/DerivedData/Kept-epodaxjxwtzzpkappqnvuufzksrb/Build/Products/Debug-iphonesimulator/KeptWidget.appex/Metadata.appintents --metadata-file-list /Users/runner/Library/Developer/Xcode/DerivedData/Kept-epodaxjxwtzzpkappqnvuufzksrb/Build/Intermediates.noindex/Kept.build/Debug-iphonesimulator/KeptWidget.build/KeptWidget.DependencyMetadataFileList --archive-ssu-assets
2026-10-09 16:50:50.981 appintentsnltrainingprocessor[10983:34920] Parsing options for appintentsnltrainingprocessor
2026-10-09 16:50:51.024 appintentsnltrainingprocessor[10983:34920] Starting AppIntents SSU YAML Generation
2026-10-09 16:50:51.189 appintentsnltrainingprocessor[10983:34920] No AppShortcuts found - Skipping.

SwiftExplicitDependencyGeneratePcm arm64 /Users/runner/Library/Developer/Xcode/DerivedData/ModuleCache.noindex/_DarwinFoundation1-3G1G2HIAH6SIFQYIS4IGRG9K5.pcm

RegisterExecutionPolicyException /Users/runner/Library/Developer/Xcode/DerivedData/Kept-epodaxjxwtzzpkappqnvuufzksrb/Build/Products/Debug-iphonesimulator/KeptWidget.appex (in target 'KeptWidget' from project 'Kept')
    cd /Users/runner/work/Appsales/Appsales
    builtin-RegisterExecutionPolicyException /Users/runner/Library/Developer/Xcode/DerivedData/Kept-epodaxjxwtzzpkappqnvuufzksrb/Build/Products/Debug-iphonesimulator/KeptWidget.appex

Touch /Users/runner/Library/Developer/Xcode/DerivedData/Kept-epodaxjxwtzzpkappqnvuufzksrb/Build/Products/Debug-iphonesimulator/KeptWidget.appex (in target 'KeptWidget' from project 'Kept')
    cd /Users/runner/work/Appsales/Appsales
    /usr/bin/touch -c /Users/runner/Library/Developer/Xcode/DerivedData/Kept-epodaxjxwtzzpkappqnvuufzksrb/Build/Products/Debug-iphonesimulator/KeptWidget.appex

CpResource /Users/runner/Library/Developer/Xcode/DerivedData/Kept-epodaxjxwtzzpkappqnvuufzksrb/Build/Products/Debug-iphonesimulator/Kept.app/PrivacyInfo.xcprivacy /Users/runner/work/Appsales/Appsales/Kept/PrivacyInfo.xcprivacy (in target 'Kept' from project 'Kept')
    cd /Users/runner/work/Appsales/Appsales
    builtin-copy -exclude .DS_Store -exclude CVS -exclude .svn -exclude .git -exclude .hg -resolve-src-symlinks /Users/runner/work/Appsales/Appsales/Kept/PrivacyInfo.xcprivacy /Users/runner/Library/Developer/Xcode/DerivedData/Kept-epodaxjxwtzzpkappqnvuufzksrb/Build/Products/Debug-iphonesimulator/Kept.app

Ld /Users/runner/Library/Developer/Xcode/DerivedData/Kept-epodaxjxwtzzpkappqnvuufzksrb/Build/Products/Debug-iphonesimulator/Kept.app/__preview.dylib normal (in target 'Kept' from project 'Kept')
    cd /Users/runner/work/Appsales/Appsales
    /Applications/Xcode_26.3.app/Contents/Developer/Toolchains/XcodeDefault.xctoolchain/usr/bin/clang -Xlinker -reproducible -target arm64-apple-ios17.0-simulator -dynamiclib -isysroot /Applications/Xcode_26.3.app/Contents/Developer/Platforms/iPhoneSimulator.platform/Developer/SDKs/iPhoneSimulator26.2.sdk -O0 -L/Users/runner/Library/Developer/Xcode/DerivedData/Kept-epodaxjxwtzzpkappqnvuufzksrb/Build/Products/Debug-iphonesimulator -F/Users/runner/Library/Developer/Xcode/DerivedData/Kept-epodaxjxwtzzpkappqnvuufzksrb/Build/Products/Debug-iphonesimulator -install_name @rpath/Kept.debug.dylib -dead_strip -rdynamic -Xlinker -no_deduplicate -Xlinker -objc_abi_version -Xlinker 2 -Xlinker -dependency_info -Xlinker /Users/runner/Library/Developer/Xcode/DerivedData/Kept-epodaxjxwtzzpkappqnvuufzksrb/Build/Intermediates.noindex/Kept.build/Debug-iphonesimulator/Kept.build/Objects-normal/arm64/Kept_dependency_info.dat -o /Users/runner/Library/Developer/Xcode/DerivedData/Kept-epodaxjxwtzzpkappqnvuufzksrb/Build/Products/Debug-iphonesimulator/Kept.app/__preview.dylib

Copy /Users/runner/Library/Developer/Xcode/DerivedData/Kept-epodaxjxwtzzpkappqnvuufzksrb/Build/Products/Debug-iphonesimulator/Kept.app/Frameworks/libXCTestSwiftSupport.dylib /Applications/Xcode_26.3.app/Contents/Developer/Platforms/iPhoneSimulator.platform/Developer/usr/lib/libXCTestSwiftSupport.dylib (in target 'Kept' from project 'Kept')
    cd /Users/runner/work/Appsales/Appsales
    builtin-copy -exclude .DS_Store -exclude CVS -exclude .svn -exclude .git -exclude .hg -exclude Headers -exclude PrivateHeaders -exclude Modules -exclude \*.tbd -resolve-src-symlinks /Applications/Xcode_26.3.app/Contents/Developer/Platforms/iPhoneSimulator.platform/Developer/usr/lib/libXCTestSwiftSupport.dylib /Users/runner/Library/Developer/Xcode/DerivedData/Kept-epodaxjxwtzzpkappqnvuufzksrb/Build/Products/Debug-iphonesimulator/Kept.app/Frameworks

Copy /Users/runner/Library/Developer/Xcode/DerivedData/Kept-epodaxjxwtzzpkappqnvuufzksrb/Build/Products/Debug-iphonesimulator/Kept.app/Frameworks/libXCTestBundleInject.dylib /Applications/Xcode_26.3.app/Contents/Developer/Platforms/iPhoneSimulator.platform/Developer/usr/lib/libXCTestBundleInject.dylib (in target 'Kept' from project 'Kept')
    cd /Users/runner/work/Appsales/Appsales
    builtin-copy -exclude .DS_Store -exclude CVS -exclude .svn -exclude .git -exclude .hg -exclude Headers -exclude PrivateHeaders -exclude Modules -exclude \*.tbd -resolve-src-symlinks /Applications/Xcode_26.3.app/Contents/Developer/Platforms/iPhoneSimulator.platform/Developer/usr/lib/libXCTestBundleInject.dylib /Users/runner/Library/Developer/Xcode/DerivedData/Kept-epodaxjxwtzzpkappqnvuufzksrb/Build/Products/Debug-iphonesimulator/Kept.app/Frameworks

Copy /Users/runner/Library/Developer/Xcode/DerivedData/Kept-epodaxjxwtzzpkappqnvuufzksrb/Build/Products/Debug-iphonesimulator/Kept.app/Frameworks/XCUnit.framework /Applications/Xcode_26.3.app/Contents/Developer/Platforms/iPhoneSimulator.platform/Developer/Library/PrivateFrameworks/XCUnit.framework (in target 'Kept' from project 'Kept')
    cd /Users/runner/work/Appsales/Appsales
    builtin-copy -exclude .DS_Store -exclude CVS -exclude .svn -exclude .git -exclude .hg -exclude Headers -exclude PrivateHeaders -exclude Modules -exclude \*.tbd -resolve-src-symlinks /Applications/Xcode_26.3.app/Contents/Developer/Platforms/iPhoneSimulator.platform/Developer/Library/PrivateFrameworks/XCUnit.framework /Users/runner/Library/Developer/Xcode/DerivedData/Kept-epodaxjxwtzzpkappqnvuufzksrb/Build/Products/Debug-iphonesimulator/Kept.app/Frameworks

Copy /Users/runner/Library/Developer/Xcode/DerivedData/Kept-epodaxjxwtzzpkappqnvuufzksrb/Build/Products/Debug-iphonesimulator/Kept.app/Frameworks/XCUIAutomation.framework /Applications/Xcode_26.3.app/Contents/Developer/Platforms/iPhoneSimulator.platform/Developer/Library/Frameworks/XCUIAutomation.framework (in target 'Kept' from project 'Kept')
    cd /Users/runner/work/Appsales/Appsales
    builtin-copy -exclude .DS_Store -exclude CVS -exclude .svn -exclude .git -exclude .hg -exclude Headers -exclude PrivateHeaders -exclude Modules -exclude \*.tbd -resolve-src-symlinks /Applications/Xcode_26.3.app/Contents/Developer/Platforms/iPhoneSimulator.platform/Developer/Library/Frameworks/XCUIAutomation.framework /Users/runner/Library/Developer/Xcode/DerivedData/Kept-epodaxjxwtzzpkappqnvuufzksrb/Build/Products/Debug-iphonesimulator/Kept.app/Frameworks

SwiftExplicitDependencyGeneratePcm arm64 /Users/runner/Library/Developer/Xcode/DerivedData/ModuleCache.noindex/_Builtin_limits-2GYMI6Y6AKJGFCC0QMUX60YK3.pcm

SwiftExplicitDependencyGeneratePcm arm64 /Users/runner/Library/Developer/Xcode/DerivedData/ModuleCache.noindex/ExtensionFoundation-CXYWUSQ9TKWVS8IQZEJIA1KEN.pcm

SwiftExplicitDependencyGeneratePcm arm64 /Users/runner/Library/Developer/Xcode/DerivedData/ModuleCache.noindex/_DarwinFoundation2-B5497BU8ON93WYKD76E2W130A.pcm

Copy /Users/runner/Library/Developer/Xcode/DerivedData/Kept-epodaxjxwtzzpkappqnvuufzksrb/Build/Products/Debug-iphonesimulator/Kept.app/Frameworks/XCTestSupport.framework /Applications/Xcode_26.3.app/Contents/Developer/Platforms/iPhoneSimulator.platform/Developer/Library/PrivateFrameworks/XCTestSupport.framework (in target 'Kept' from project 'Kept')
    cd /Users/runner/work/Appsales/Appsales
    builtin-copy -exclude .DS_Store -exclude CVS -exclude .svn -exclude .git -exclude .hg -exclude Headers -exclude PrivateHeaders -exclude Modules -exclude \*.tbd -resolve-src-symlinks /Applications/Xcode_26.3.app/Contents/Developer/Platforms/iPhoneSimulator.platform/Developer/Library/PrivateFrameworks/XCTestSupport.framework /Users/runner/Library/Developer/Xcode/DerivedData/Kept-epodaxjxwtzzpkappqnvuufzksrb/Build/Products/Debug-iphonesimulator/Kept.app/Frameworks

Copy /Users/runner/Library/Developer/Xcode/DerivedData/Kept-epodaxjxwtzzpkappqnvuufzksrb/Build/Products/Debug-iphonesimulator/Kept.app/Frameworks/XCTestCore.framework /Applications/Xcode_26.3.app/Contents/Developer/Platforms/iPhoneSimulator.platform/Developer/Library/PrivateFrameworks/XCTestCore.framework (in target 'Kept' from project 'Kept')
    cd /Users/runner/work/Appsales/Appsales
    builtin-copy -exclude .DS_Store -exclude CVS -exclude .svn -exclude .git -exclude .hg -exclude Headers -exclude PrivateHeaders -exclude Modules -exclude \*.tbd -resolve-src-symlinks /Applications/Xcode_26.3.app/Contents/Developer/Platforms/iPhoneSimulator.platform/Developer/Library/PrivateFrameworks/XCTestCore.framework /Users/runner/Library/Developer/Xcode/DerivedData/Kept-epodaxjxwtzzpkappqnvuufzksrb/Build/Products/Debug-iphonesimulator/Kept.app/Frameworks

Copy /Users/runner/Library/Developer/Xcode/DerivedData/Kept-epodaxjxwtzzpkappqnvuufzksrb/Build/Products/Debug-iphonesimulator/Kept.app/Frameworks/XCTest.framework /Applications/Xcode_26.3.app/Contents/Developer/Platforms/iPhoneSimulator.platform/Developer/Library/Frameworks/XCTest.framework (in target 'Kept' from project 'Kept')
    cd /Users/runner/work/Appsales/Appsales
    builtin-copy -exclude .DS_Store -exclude CVS -exclude .svn -exclude .git -exclude .hg -exclude Headers -exclude PrivateHeaders -exclude Modules -exclude \*.tbd -resolve-src-symlinks /Applications/Xcode_26.3.app/Contents/Developer/Platforms/iPhoneSimulator.platform/Developer/Library/Frameworks/XCTest.framework /Users/runner/Library/Developer/Xcode/DerivedData/Kept-epodaxjxwtzzpkappqnvuufzksrb/Build/Products/Debug-iphonesimulator/Kept.app/Frameworks

Copy /Users/runner/Library/Developer/Xcode/DerivedData/Kept-epodaxjxwtzzpkappqnvuufzksrb/Build/Products/Debug-iphonesimulator/Kept.app/Frameworks/XCTAutomationSupport.framework /Applications/Xcode_26.3.app/Contents/Developer/Platforms/iPhoneSimulator.platform/Developer/Library/PrivateFrameworks/XCTAutomationSupport.framework (in target 'Kept' from project 'Kept')
    cd /Users/runner/work/Appsales/Appsales
    builtin-copy -exclude .DS_Store -exclude CVS -exclude .svn -exclude .git -exclude .hg -exclude Headers -exclude PrivateHeaders -exclude Modules -exclude \*.tbd -resolve-src-symlinks /Applications/Xcode_26.3.app/Contents/Developer/Platforms/iPhoneSimulator.platform/Developer/Library/PrivateFrameworks/XCTAutomationSupport.framework /Users/runner/Library/Developer/Xcode/DerivedData/Kept-epodaxjxwtzzpkappqnvuufzksrb/Build/Products/Debug-iphonesimulator/Kept.app/Frameworks

Copy /Users/runner/Library/Developer/Xcode/DerivedData/Kept-epodaxjxwtzzpkappqnvuufzksrb/Build/Products/Debug-iphonesimulator/Kept.app/Frameworks/Testing.framework /Applications/Xcode_26.3.app/Contents/Developer/Platforms/iPhoneSimulator.platform/Developer/Library/Frameworks/Testing.framework (in target 'Kept' from project 'Kept')
    cd /Users/runner/work/Appsales/Appsales
    builtin-copy -exclude .DS_Store -exclude CVS -exclude .svn -exclude .git -exclude .hg -exclude Headers -exclude PrivateHeaders -exclude Modules -exclude \*.tbd -resolve-src-symlinks /Applications/Xcode_26.3.app/Contents/Developer/Platforms/iPhoneSimulator.platform/Developer/Library/Frameworks/Testing.framework /Users/runner/Library/Developer/Xcode/DerivedData/Kept-epodaxjxwtzzpkappqnvuufzksrb/Build/Products/Debug-iphonesimulator/Kept.app/Frameworks

SwiftExplicitDependencyGeneratePcm arm64 /Users/runner/Library/Developer/Xcode/DerivedData/ModuleCache.noindex/_Builtin_stdint-1OVBP598DZ3VJ55SGHRZ1C4D9.pcm

SwiftExplicitDependencyGeneratePcm arm64 /Users/runner/Library/Developer/Xcode/DerivedData/ModuleCache.noindex/sys_types-5QLYYOGRMBZAAHJJMAP88HZNN.pcm

SwiftExplicitDependencyGeneratePcm arm64 /Users/runner/Library/Developer/Xcode/DerivedData/ModuleCache.noindex/_Builtin_tgmath-2Z1ASP3VD7IZJNZW2BCQAV4TS.pcm

SwiftExplicitDependencyGeneratePcm arm64 /Users/runner/Library/Developer/Xcode/DerivedData/ModuleCache.noindex/_Builtin_stdatomic-2XZ8UROLTLCI13Y1JP6QH2LP0.pcm

SwiftExplicitDependencyGeneratePcm arm64 /Users/runner/Library/Developer/Xcode/DerivedData/ModuleCache.noindex/_Builtin_intrinsics-DR6RSGL8IBBY2GG5306ZP0H13.pcm

SwiftExplicitDependencyGeneratePcm arm64 /Users/runner/Library/Developer/Xcode/DerivedData/ModuleCache.noindex/_DarwinFoundation3-C8UVO5ZVDG973VE3DX4T12OBK.pcm

SwiftExplicitDependencyGeneratePcm arm64 /Users/runner/Library/Developer/Xcode/DerivedData/ModuleCache.noindex/_Builtin_inttypes-4Z6A8UX8B0YZJH0KTX924DI7X.pcm

SwiftExplicitDependencyGeneratePcm arm64 /Users/runner/Library/Developer/Xcode/DerivedData/ModuleCache.noindex/Darwin-6ZVD5NW04TCIQZ8726EP05A39.pcm

SwiftExplicitDependencyGeneratePcm arm64 /Users/runner/Library/Developer/Xcode/DerivedData/ModuleCache.noindex/simd-DBMJFF248XW8DXTA4QUHZJ1WZ.pcm

SwiftExplicitDependencyGeneratePcm arm64 /Users/runner/Library/Developer/Xcode/DerivedData/ModuleCache.noindex/ObjectiveC-2IRV0CDRUFRYGXQH66GKVC4XR.pcm

SwiftExplicitDependencyGeneratePcm arm64 /Users/runner/Library/Developer/Xcode/DerivedData/ModuleCache.noindex/MachO-4CQBMVXBOKSK2C9Z6XSTZSW3S.pcm

SwiftExplicitDependencyGeneratePcm arm64 /Users/runner/Library/Developer/Xcode/DerivedData/ModuleCache.noindex/os_object-2758PO7LAOX6UMJPKISAZH9YU.pcm

SwiftExplicitDependencyGeneratePcm arm64 /Users/runner/Library/Developer/Xcode/DerivedData/ModuleCache.noindex/os_workgroup-BWFEHK3FDZ9DKOBII1N6WWDLI.pcm

SwiftExplicitDependencyGeneratePcm arm64 /Users/runner/Library/Developer/Xcode/DerivedData/ModuleCache.noindex/Dispatch-43L2DSGUH8RHE0QR4Q83CQF9C.pcm

SwiftExplicitDependencyGeneratePcm arm64 /Users/runner/Library/Developer/Xcode/DerivedData/ModuleCache.noindex/XPC-CPXSBW94ITF2WX3R678JNHCYF.pcm

SwiftExplicitDependencyGeneratePcm arm64 /Users/runner/Library/Developer/Xcode/DerivedData/ModuleCache.noindex/dnssd-EMZ5FTLAWBHNNLCX8V0L0GE69.pcm

SwiftExplicitDependencyGeneratePcm arm64 /Users/runner/Library/Developer/Xcode/DerivedData/ModuleCache.noindex/os-BDOG33IB6KQOBMDJOUNVF3T9M.pcm

SwiftExplicitDependencyGeneratePcm arm64 /Users/runner/Library/Developer/Xcode/DerivedData/ModuleCache.noindex/CoreFoundation-AJWFL3GD51D9IUVH2LV6D6HP2.pcm

LinkAssetCatalog /Users/runner/work/Appsales/Appsales/Kept/Assets.xcassets (in target 'Kept' from project 'Kept')
    cd /Users/runner/work/Appsales/Appsales
    builtin-linkAssetCatalog --thinned /Users/runner/Library/Developer/Xcode/DerivedData/Kept-epodaxjxwtzzpkappqnvuufzksrb/Build/Intermediates.noindex/Kept.build/Debug-iphonesimulator/Kept.build/assetcatalog_output/thinned --thinned-dependencies /Users/runner/Library/Developer/Xcode/DerivedData/Kept-epodaxjxwtzzpkappqnvuufzksrb/Build/Intermediates.noindex/Kept.build/Debug-iphonesimulator/Kept.build/assetcatalog_dependencies_thinned --thinned-info-plist-content /Users/runner/Library/Developer/Xcode/DerivedData/Kept-epodaxjxwtzzpkappqnvuufzksrb/Build/Intermediates.noindex/Kept.build/Debug-iphonesimulator/Kept.build/assetcatalog_generated_info.plist_thinned --unthinned /Users/runner/Library/Developer/Xcode/DerivedData/Kept-epodaxjxwtzzpkappqnvuufzksrb/Build/Intermediates.noindex/Kept.build/Debug-iphonesimulator/Kept.build/assetcatalog_output/unthinned --unthinned-dependencies /Users/runner/Library/Developer/Xcode/DerivedData/Kept-epodaxjxwtzzpkappqnvuufzksrb/Build/Intermediates.noindex/Kept.build/Debug-iphonesimulator/Kept.build/assetcatalog_dependencies_unthinned --unthinned-info-plist-content /Users/runner/Library/Developer/Xcode/DerivedData/Kept-epodaxjxwtzzpkappqnvuufzksrb/Build/Intermediates.noindex/Kept.build/Debug-iphonesimulator/Kept.build/assetcatalog_generated_info.plist_unthinned --output /Users/runner/Library/Developer/Xcode/DerivedData/Kept-epodaxjxwtzzpkappqnvuufzksrb/Build/Products/Debug-iphonesimulator/Kept.app --plist-output /Users/runner/Library/Developer/Xcode/DerivedData/Kept-epodaxjxwtzzpkappqnvuufzksrb/Build/Intermediates.noindex/Kept.build/Debug-iphonesimulator/Kept.build/assetcatalog_generated_info.plist
note: Emplaced /Users/runner/Library/Developer/Xcode/DerivedData/Kept-epodaxjxwtzzpkappqnvuufzksrb/Build/Products/Debug-iphonesimulator/Kept.app/AppIcon60x60@2x.png (in target 'Kept' from project 'Kept')
note: Emplaced /Users/runner/Library/Developer/Xcode/DerivedData/Kept-epodaxjxwtzzpkappqnvuufzksrb/Build/Products/Debug-iphonesimulator/Kept.app/AppIcon76x76@2x~ipad.png (in target 'Kept' from project 'Kept')
note: Emplaced /Users/runner/Library/Developer/Xcode/DerivedData/Kept-epodaxjxwtzzpkappqnvuufzksrb/Build/Products/Debug-iphonesimulator/Kept.app/Assets.car (in target 'Kept' from project 'Kept')

SwiftExplicitDependencyGeneratePcm arm64 /Users/runner/Library/Developer/Xcode/DerivedData/ModuleCache.noindex/Spatial-1LRC6TAWALEGJUK2Q5BJGPWS5.pcm

SwiftExplicitDependencyGeneratePcm arm64 /Users/runner/Library/Developer/Xcode/DerivedData/ModuleCache.noindex/CoreGraphics-CTHKLL96U3DCYFOSTO6MXH930.pcm

SwiftExplicitDependencyGeneratePcm arm64 /Users/runner/Library/Developer/Xcode/DerivedData/ModuleCache.noindex/CoreAudioTypes-4LR6M65Z6YLB8E9JBZXJ6H09C.pcm

SwiftExplicitDependencyGeneratePcm arm64 /Users/runner/Library/Developer/Xcode/DerivedData/ModuleCache.noindex/Security-54VT4O3II9P0ST7N8CF014ESH.pcm

SwiftExplicitDependencyGeneratePcm arm64 /Users/runner/Library/Developer/Xcode/DerivedData/ModuleCache.noindex/CFNetwork-ASE9SLVVXF6GUCM7S844D8K9C.pcm

SwiftExplicitDependencyGeneratePcm arm64 /Users/runner/Library/Developer/Xcode/DerivedData/ModuleCache.noindex/ImageIO-6PBSX0EYTP8X400C9MG4LADUX.pcm

SwiftExplicitDependencyGeneratePcm arm64 /Users/runner/Library/Developer/Xcode/DerivedData/ModuleCache.noindex/CoreText-F58TJC839JZB2DJ01TC1Z4YHL.pcm

SwiftExplicitDependencyGeneratePcm arm64 /Users/runner/Library/Developer/Xcode/DerivedData/ModuleCache.noindex/CoreAudio-1JHUEYMCOMZUR5TXZ7EC9OWP5.pcm

SwiftExplicitDependencyGeneratePcm arm64 /Users/runner/Library/Developer/Xcode/DerivedData/ModuleCache.noindex/Foundation-7HFQENLCUQJQREKF9ZLJ50PC5.pcm

SwiftExplicitDependencyGeneratePcm arm64 /Users/runner/Library/Developer/Xcode/DerivedData/ModuleCache.noindex/WidgetKit-5AZX9KYJ1CLBLUDH5BUINZYJ0.pcm

SwiftExplicitDependencyGeneratePcm arm64 /Users/runner/Library/Developer/Xcode/DerivedData/ModuleCache.noindex/Network-DEXPE07AE5VZXCGTBVE1AVZK0.pcm

SwiftExplicitDependencyGeneratePcm arm64 /Users/runner/Library/Developer/Xcode/DerivedData/ModuleCache.noindex/BackgroundAssets-42OHK4BNIZY2ECL1051BLKQZ9.pcm

SwiftExplicitDependencyGeneratePcm arm64 /Users/runner/Library/Developer/Xcode/DerivedData/ModuleCache.noindex/FileProvider-DV9JY4DMOYOUNB5ZGBVDL2JXP.pcm

SwiftExplicitDependencyGeneratePcm arm64 /Users/runner/Library/Developer/Xcode/DerivedData/ModuleCache.noindex/IOSurface-4C7FWRJH8NB3N52BUKSWZONAS.pcm

SwiftExplicitDependencyGeneratePcm arm64 /Users/runner/Library/Developer/Xcode/DerivedData/ModuleCache.noindex/RelevanceKit-1OO4DOC8UK2S1K3G8TKKR8GC.pcm

SwiftExplicitDependencyGeneratePcm arm64 /Users/runner/Library/Developer/Xcode/DerivedData/ModuleCache.noindex/OpenGLES-6KMO59LISEY5AL07BUBBCDPOH.pcm

SwiftExplicitDependencyGeneratePcm arm64 /Users/runner/Library/Developer/Xcode/DerivedData/ModuleCache.noindex/CoreMIDI-SLA7BSRTVLMKU05GD72WRKK7.pcm

SwiftExplicitDependencyGeneratePcm arm64 /Users/runner/Library/Developer/Xcode/DerivedData/ModuleCache.noindex/Metal-52IQ97TX69Z6C2TZ3UKJUJSXC.pcm

SwiftExplicitDependencyGeneratePcm arm64 /Users/runner/Library/Developer/Xcode/DerivedData/ModuleCache.noindex/OSLog-BP9Q4EAVMM7Y34WGM0BO48XTJ.pcm

SwiftExplicitDependencyGeneratePcm arm64 /Users/runner/Library/Developer/Xcode/DerivedData/ModuleCache.noindex/UIUtilities-202TAD0X89CDF4MKIHELUTP14.pcm

SwiftExplicitDependencyGeneratePcm arm64 /Users/runner/Library/Developer/Xcode/DerivedData/ModuleCache.noindex/AudioToolbox-9OOJFSBLQZAU69WU1612XHP5P.pcm

SwiftExplicitDependencyGeneratePcm arm64 /Users/runner/Library/Developer/Xcode/DerivedData/ModuleCache.noindex/Accessibility-6FG87DK9SPI4T0QHFCHM4NFZE.pcm

SwiftExplicitDependencyGeneratePcm arm64 /Users/runner/Library/Developer/Xcode/DerivedData/ModuleCache.noindex/AppIntents-2ZSST5HWAHXWM6LQBFGYVXSG0.pcm

SwiftExplicitDependencyGeneratePcm arm64 /Users/runner/Library/Developer/Xcode/DerivedData/ModuleCache.noindex/CoreData-EVB5CDSP53FTVTC07TU1YORII.pcm

SwiftExplicitDependencyGeneratePcm arm64 /Users/runner/Library/Developer/Xcode/DerivedData/ModuleCache.noindex/_LocationEssentials-4KKALQ8I5LIQIUYGQ6XKCZ7U.pcm

SwiftExplicitDependencyGeneratePcm arm64 /Users/runner/Library/Developer/Xcode/DerivedData/ModuleCache.noindex/Symbols-D5QQG547RCDBUN3J9S5LKUM2S.pcm

SwiftExplicitDependencyGeneratePcm arm64 /Users/runner/Library/Developer/Xcode/DerivedData/ModuleCache.noindex/CoreTransferable-5JEXE1NIWJVMJ3EYIBJBURR9K.pcm

SwiftExplicitDependencyGeneratePcm arm64 /Users/runner/Library/Developer/Xcode/DerivedData/ModuleCache.noindex/CoreLocation-DMAPPBH0GUP37EDJ0RNGZIA4E.pcm

SwiftExplicitDependencyGeneratePcm arm64 /Users/runner/Library/Developer/Xcode/DerivedData/ModuleCache.noindex/LocalAuthentication-6DBT0QH0OM2O917OUSW5190T5.pcm

SwiftExplicitDependencyGeneratePcm arm64 /Users/runner/Library/Developer/Xcode/DerivedData/ModuleCache.noindex/AVRouting-7X01VG0PO9Z9KLVXFMAE6TCK3.pcm

SwiftExplicitDependencyGeneratePcm arm64 /Users/runner/Library/Developer/Xcode/DerivedData/ModuleCache.noindex/CoreVideo-2QKOEU1UUQKSK5VD1NT1IIWO0.pcm

SwiftExplicitDependencyGeneratePcm arm64 /Users/runner/Library/Developer/Xcode/DerivedData/ModuleCache.noindex/DataDetection-1TMDP7GX8NWQVAM8USPT5JMD3.pcm

SwiftExplicitDependencyGeneratePcm arm64 /Users/runner/Library/Developer/Xcode/DerivedData/ModuleCache.noindex/UserNotifications-5GKI6XQ86U8Q1TD2H7CXMXQDD.pcm

SwiftExplicitDependencyGeneratePcm arm64 /Users/runner/Library/Developer/Xcode/DerivedData/ModuleCache.noindex/UniformTypeIdentifiers-2S1BDQTEKO5TI7VAWKY25YF5F.pcm

SwiftExplicitDependencyGeneratePcm arm64 /Users/runner/Library/Developer/Xcode/DerivedData/ModuleCache.noindex/CoreML-CQX6ZNS5BFNKQFELWJD6MLVBF.pcm

SwiftExplicitDependencyGeneratePcm arm64 /Users/runner/Library/Developer/Xcode/DerivedData/ModuleCache.noindex/Accelerate-CYM62E77Y8S88Z5U9UHQPDNC4.pcm

SwiftExplicitDependencyGeneratePcm arm64 /Users/runner/Library/Developer/Xcode/DerivedData/ModuleCache.noindex/Intents-BC087ZL8IIC6DV973P9UYLZOV.pcm

SwiftExplicitDependencyGeneratePcm arm64 /Users/runner/Library/Developer/Xcode/DerivedData/ModuleCache.noindex/CoreSpotlight-2WCKXBE6YA6KOY8TEZH0ZL6AJ.pcm

SwiftExplicitDependencyGeneratePcm arm64 /Users/runner/Library/Developer/Xcode/DerivedData/ModuleCache.noindex/HealthKit-DSS06RKB5YDYMK6G2QX90IYI9.pcm

SwiftExplicitDependencyGeneratePcm arm64 /Users/runner/Library/Developer/Xcode/DerivedData/ModuleCache.noindex/QuartzCore-117MK44TAWGER1D783CQB3Y5I.pcm

SwiftExplicitDependencyGeneratePcm arm64 /Users/runner/Library/Developer/Xcode/DerivedData/ModuleCache.noindex/CoreImage-4X56MDIG2UE4ZR59NHN6BRBCR.pcm

SwiftExplicitDependencyGeneratePcm arm64 /Users/runner/Library/Developer/Xcode/DerivedData/ModuleCache.noindex/CoreMedia-CQOFBJH4HQAABC9JRQ4SM3BDN.pcm

SwiftExplicitDependencyGeneratePcm arm64 /Users/runner/Library/Developer/Xcode/DerivedData/ModuleCache.noindex/SwiftUICore-4TCNI7XKP1QKKP2VT2SUY7FI4.pcm

SwiftExplicitDependencyGeneratePcm arm64 /Users/runner/Library/Developer/Xcode/DerivedData/ModuleCache.noindex/UIKit-8RQC2X6V7NLLPT9V0L33T8DW2.pcm

SwiftExplicitDependencyGeneratePcm arm64 /Users/runner/Library/Developer/Xcode/DerivedData/ModuleCache.noindex/Vision-4CCPOOBSS7KNBJ52OC4M6HACY.pcm

SwiftExplicitDependencyGeneratePcm arm64 /Users/runner/Library/Developer/Xcode/DerivedData/ModuleCache.noindex/AVFAudio-BICPTFD1PG4FGK70UAZUWZ5FY.pcm

SwiftExplicitDependencyGeneratePcm arm64 /Users/runner/Library/Developer/Xcode/DerivedData/ModuleCache.noindex/MediaToolbox-D15JSIH16ICZQB9LRA3H3QXCT.pcm

SwiftExplicitDependencyGeneratePcm arm64 /Users/runner/Library/Developer/Xcode/DerivedData/ModuleCache.noindex/AVFoundation-6R2MUM0QI619M1TEWEHLEJDTW.pcm

SwiftExplicitDependencyGeneratePcm arm64 /Users/runner/Library/Developer/Xcode/DerivedData/ModuleCache.noindex/Photos-5DC6UTFS4YJBA5FAJ2SCK1D6Q.pcm

SwiftExplicitDependencyGeneratePcm arm64 /Users/runner/Library/Developer/Xcode/DerivedData/ModuleCache.noindex/Speech-DCDD4CXKOUVHRFUSPJRUI4EZE.pcm

SwiftExplicitDependencyGeneratePcm arm64 /Users/runner/Library/Developer/Xcode/DerivedData/ModuleCache.noindex/SwiftUI-50Q7NE2MBQ5VQPFPPUZY5A0ML.pcm

SwiftExplicitDependencyGeneratePcm arm64 /Users/runner/Library/Developer/Xcode/DerivedData/ModuleCache.noindex/StoreKit-4NUIV0OM636OTLG9952H42ZSH.pcm

SwiftExplicitDependencyGeneratePcm arm64 /Users/runner/Library/Developer/Xcode/DerivedData/ModuleCache.noindex/PhotosUI-5ZC361ASZMUZJJQH4T9TT5M78.pcm

SwiftEmitModule normal arm64 Emitting\ module\ for\ Kept (in target 'Kept' from project 'Kept')

EmitSwiftModule normal arm64 (in target 'Kept' from project 'Kept')
    cd /Users/runner/work/Appsales/Appsales
    

SwiftCompile normal arm64 Compiling\ AIAssistant.swift,\ AIExport.swift,\ AppGroup.swift,\ AskAIView.swift,\ BackupMerge.swift,\ Brand.swift,\ BulkEntryParser.swift,\ BulkEntryView.swift,\ CSVImport.swift,\ DailyEstimate.swift,\ DayKey.swift,\ DayView.swift,\ EstimateParser.swift,\ ExportDocuments.swift,\ Habit.swift,\ HabitDetailView.swift,\ HabitEditorView.swift,\ HabitFileStore.swift,\ HabitIntents.swift,\ HabitPalette.swift /Users/runner/work/Appsales/Appsales/Kept/Logic/AIAssistant.swift /Users/runner/work/Appsales/Appsales/Kept/Logic/AIExport.swift /Users/runner/work/Appsales/Appsales/Kept/Shared/AppGroup.swift /Users/runner/work/Appsales/Appsales/Kept/Views/AskAIView.swift /Users/runner/work/Appsales/Appsales/Kept/Logic/BackupMerge.swift /Users/runner/work/Appsales/Appsales/Kept/Shared/Brand.swift /Users/runner/work/Appsales/Appsales/Kept/Logic/BulkEntryParser.swift /Users/runner/work/Appsales/Appsales/Kept/Views/BulkEntryView.swift /Users/runner/work/Appsales/Appsales/Kept/Logic/CSVImport.swift /Users/runner/work/Appsales/Appsales/Kept/Models/DailyEstimate.swift /Users/runner/work/Appsales/Appsales/Kept/Models/DayKey.swift /Users/runner/work/Appsales/Appsales/Kept/Views/DayView.swift /Users/runner/work/Appsales/Appsales/Kept/Logic/EstimateParser.swift /Users/runner/work/Appsales/Appsales/Kept/Views/ExportDocuments.swift /Users/runner/work/Appsales/Appsales/Kept/Models/Habit.swift /Users/runner/work/Appsales/Appsales/Kept/Views/HabitDetailView.swift /Users/runner/work/Appsales/Appsales/Kept/Views/HabitEditorView.swift /Users/runner/work/Appsales/Appsales/Kept/Store/HabitFileStore.swift /Users/runner/work/Appsales/Appsales/Kept/Shared/HabitIntents.swift /Users/runner/work/Appsales/Appsales/Kept/Views/HabitPalette.swift (in target 'Kept' from project 'Kept')
SwiftCompile normal arm64 /Users/runner/work/Appsales/Appsales/Kept/Logic/AIAssistant.swift (in target 'Kept' from project 'Kept')
    cd /Users/runner/work/Appsales/Appsales
    

SwiftCompile normal arm64 /Users/runner/work/Appsales/Appsales/Kept/Logic/AIExport.swift (in target 'Kept' from project 'Kept')
    cd /Users/runner/work/Appsales/Appsales
    

SwiftCompile normal arm64 /Users/runner/work/Appsales/Appsales/Kept/Shared/AppGroup.swift (in target 'Kept' from project 'Kept')
    cd /Users/runner/work/Appsales/Appsales
    

SwiftCompile normal arm64 /Users/runner/work/Appsales/Appsales/Kept/Views/AskAIView.swift (in target 'Kept' from project 'Kept')
    cd /Users/runner/work/Appsales/Appsales
    

SwiftCompile normal arm64 /Users/runner/work/Appsales/Appsales/Kept/Logic/BackupMerge.swift (in target 'Kept' from project 'Kept')
    cd /Users/runner/work/Appsales/Appsales
    

SwiftCompile normal arm64 /Users/runner/work/Appsales/Appsales/Kept/Shared/Brand.swift (in target 'Kept' from project 'Kept')
    cd /Users/runner/work/Appsales/Appsales
    

SwiftCompile normal arm64 /Users/runner/work/Appsales/Appsales/Kept/Logic/BulkEntryParser.swift (in target 'Kept' from project 'Kept')
    cd /Users/runner/work/Appsales/Appsales
    

SwiftCompile normal arm64 /Users/runner/work/Appsales/Appsales/Kept/Views/BulkEntryView.swift (in target 'Kept' from project 'Kept')
    cd /Users/runner/work/Appsales/Appsales
    
/Users/runner/work/Appsales/Appsales/Kept/Views/BulkEntryView.swift:247:9: warning: result of call to 'withAnimation' is unused
        withAnimation(.snappy) {
        ^            ~~~~~~~~~~~

SwiftCompile normal arm64 /Users/runner/work/Appsales/Appsales/Kept/Logic/CSVImport.swift (in target 'Kept' from project 'Kept')
    cd /Users/runner/work/Appsales/Appsales
    

SwiftCompile normal arm64 /Users/runner/work/Appsales/Appsales/Kept/Models/DailyEstimate.swift (in target 'Kept' from project 'Kept')
    cd /Users/runner/work/Appsales/Appsales
    

SwiftCompile normal arm64 /Users/runner/work/Appsales/Appsales/Kept/Models/DayKey.swift (in target 'Kept' from project 'Kept')
    cd /Users/runner/work/Appsales/Appsales
    

SwiftCompile normal arm64 /Users/runner/work/Appsales/Appsales/Kept/Views/DayView.swift (in target 'Kept' from project 'Kept')
    cd /Users/runner/work/Appsales/Appsales
    

SwiftCompile normal arm64 /Users/runner/work/Appsales/Appsales/Kept/Logic/EstimateParser.swift (in target 'Kept' from project 'Kept')
    cd /Users/runner/work/Appsales/Appsales
    

SwiftCompile normal arm64 /Users/runner/work/Appsales/Appsales/Kept/Views/ExportDocuments.swift (in target 'Kept' from project 'Kept')
    cd /Users/runner/work/Appsales/Appsales
    

SwiftCompile normal arm64 /Users/runner/work/Appsales/Appsales/Kept/Models/Habit.swift (in target 'Kept' from project 'Kept')
    cd /Users/runner/work/Appsales/Appsales
    

SwiftCompile normal arm64 /Users/runner/work/Appsales/Appsales/Kept/Views/HabitDetailView.swift (in target 'Kept' from project 'Kept')
    cd /Users/runner/work/Appsales/Appsales
    

SwiftCompile normal arm64 /Users/runner/work/Appsales/Appsales/Kept/Views/HabitEditorView.swift (in target 'Kept' from project 'Kept')
    cd /Users/runner/work/Appsales/Appsales
    

SwiftCompile normal arm64 /Users/runner/work/Appsales/Appsales/Kept/Store/HabitFileStore.swift (in target 'Kept' from project 'Kept')
    cd /Users/runner/work/Appsales/Appsales
    

SwiftCompile normal arm64 /Users/runner/work/Appsales/Appsales/Kept/Shared/HabitIntents.swift (in target 'Kept' from project 'Kept')
    cd /Users/runner/work/Appsales/Appsales
    

SwiftCompile normal arm64 /Users/runner/work/Appsales/Appsales/Kept/Views/HabitPalette.swift (in target 'Kept' from project 'Kept')
    cd /Users/runner/work/Appsales/Appsales
    

SwiftCompile normal arm64 Compiling\ HabitRow.swift,\ HabitStore.swift,\ Haptics.swift,\ HealthDay.swift,\ HealthReader.swift,\ HistoryView.swift,\ ImportView.swift,\ KeptApp.swift,\ KeptDateCoding.swift,\ KeptFiles.swift,\ KeptSettings.swift,\ KeptShortcuts.swift,\ KeptWidgetView.swift,\ LabelParser.swift,\ LabelScanView.swift,\ LogEntry.swift,\ LogEntryEditor.swift,\ LogEntryRow.swift,\ LogInsights.swift /Users/runner/work/Appsales/Appsales/Kept/Views/HabitRow.swift /Users/runner/work/Appsales/Appsales/Kept/Store/HabitStore.swift /Users/runner/work/Appsales/Appsales/Kept/Views/Haptics.swift /Users/runner/work/Appsales/Appsales/Kept/Models/HealthDay.swift /Users/runner/work/Appsales/Appsales/Kept/Store/HealthReader.swift /Users/runner/work/Appsales/Appsales/Kept/Views/HistoryView.swift /Users/runner/work/Appsales/Appsales/Kept/Views/ImportView.swift /Users/runner/work/Appsales/Appsales/Kept/KeptApp.swift /Users/runner/work/Appsales/Appsales/Kept/Models/KeptDateCoding.swift /Users/runner/work/Appsales/Appsales/Kept/Store/KeptFiles.swift /Users/runner/work/Appsales/Appsales/Kept/Models/KeptSettings.swift /Users/runner/work/Appsales/Appsales/Kept/KeptShortcuts.swift /Users/runner/work/Appsales/Appsales/KeptWidget/KeptWidgetView.swift /Users/runner/work/Appsales/Appsales/Kept/Logic/LabelParser.swift /Users/runner/work/Appsales/Appsales/Kept/Views/LabelScanView.swift /Users/runner/work/Appsales/Appsales/Kept/Models/LogEntry.swift /Users/runner/work/Appsales/Appsales/Kept/Views/LogEntryEditor.swift /Users/runner/work/Appsales/Appsales/Kept/Views/LogEntryRow.swift /Users/runner/work/Appsales/Appsales/Kept/Logic/LogInsights.swift (in target 'Kept' from project 'Kept')

SwiftCompile normal arm64 /Users/runner/work/Appsales/Appsales/Kept/Views/HabitRow.swift (in target 'Kept' from project 'Kept')
    cd /Users/runner/work/Appsales/Appsales
    

SwiftCompile normal arm64 /Users/runner/work/Appsales/Appsales/Kept/Store/HabitStore.swift (in target 'Kept' from project 'Kept')
    cd /Users/runner/work/Appsales/Appsales
    

SwiftCompile normal arm64 /Users/runner/work/Appsales/Appsales/Kept/Views/Haptics.swift (in target 'Kept' from project 'Kept')
    cd /Users/runner/work/Appsales/Appsales
    

SwiftCompile normal arm64 /Users/runner/work/Appsales/Appsales/Kept/Models/HealthDay.swift (in target 'Kept' from project 'Kept')
    cd /Users/runner/work/Appsales/Appsales
    

SwiftCompile normal arm64 /Users/runner/work/Appsales/Appsales/Kept/Store/HealthReader.swift (in target 'Kept' from project 'Kept')
    cd /Users/runner/work/Appsales/Appsales
    

SwiftCompile normal arm64 /Users/runner/work/Appsales/Appsales/Kept/Views/HistoryView.swift (in target 'Kept' from project 'Kept')
    cd /Users/runner/work/Appsales/Appsales
    

SwiftCompile normal arm64 /Users/runner/work/Appsales/Appsales/Kept/Views/ImportView.swift (in target 'Kept' from project 'Kept')
    cd /Users/runner/work/Appsales/Appsales
    

SwiftCompile normal arm64 /Users/runner/work/Appsales/Appsales/Kept/KeptApp.swift (in target 'Kept' from project 'Kept')
    cd /Users/runner/work/Appsales/Appsales
    

SwiftCompile normal arm64 /Users/runner/work/Appsales/Appsales/Kept/Models/KeptDateCoding.swift (in target 'Kept' from project 'Kept')
    cd /Users/runner/work/Appsales/Appsales
    

SwiftCompile normal arm64 /Users/runner/work/Appsales/Appsales/Kept/Store/KeptFiles.swift (in target 'Kept' from project 'Kept')
    cd /Users/runner/work/Appsales/Appsales
    

SwiftCompile normal arm64 /Users/runner/work/Appsales/Appsales/Kept/Models/KeptSettings.swift (in target 'Kept' from project 'Kept')
    cd /Users/runner/work/Appsales/Appsales
    

SwiftCompile normal arm64 /Users/runner/work/Appsales/Appsales/Kept/KeptShortcuts.swift (in target 'Kept' from project 'Kept')
    cd /Users/runner/work/Appsales/Appsales
    

SwiftCompile normal arm64 /Users/runner/work/Appsales/Appsales/KeptWidget/KeptWidgetView.swift (in target 'Kept' from project 'Kept')
    cd /Users/runner/work/Appsales/Appsales
    

SwiftCompile normal arm64 /Users/runner/work/Appsales/Appsales/Kept/Logic/LabelParser.swift (in target 'Kept' from project 'Kept')
    cd /Users/runner/work/Appsales/Appsales
    

SwiftCompile normal arm64 /Users/runner/work/Appsales/Appsales/Kept/Views/LabelScanView.swift (in target 'Kept' from project 'Kept')
    cd /Users/runner/work/Appsales/Appsales
    

SwiftCompile normal arm64 /Users/runner/work/Appsales/Appsales/Kept/Models/LogEntry.swift (in target 'Kept' from project 'Kept')
    cd /Users/runner/work/Appsales/Appsales
    

SwiftCompile normal arm64 /Users/runner/work/Appsales/Appsales/Kept/Views/LogEntryEditor.swift (in target 'Kept' from project 'Kept')
    cd /Users/runner/work/Appsales/Appsales
    

SwiftCompile normal arm64 /Users/runner/work/Appsales/Appsales/Kept/Views/LogEntryRow.swift (in target 'Kept' from project 'Kept')
    cd /Users/runner/work/Appsales/Appsales
    

SwiftCompile normal arm64 /Users/runner/work/Appsales/Appsales/Kept/Logic/LogInsights.swift (in target 'Kept' from project 'Kept')
    cd /Users/runner/work/Appsales/Appsales
    

SwiftCompile normal arm64 Compiling\ MonthGridView.swift,\ OnDeviceAI.swift,\ OnboardingView.swift,\ Purchases.swift,\ ReminderPlanner.swift,\ ReminderScheduler.swift,\ ReviewPrompt.swift,\ RootView.swift,\ SettingsView.swift,\ SpeechSplitter.swift,\ StreakCalculator.swift,\ TodayScreen.swift,\ TrendsView.swift,\ UnlockPolicy.swift,\ VoiceEntryView.swift,\ VolumeFormat.swift,\ WidgetShowcaseView.swift,\ YearHeatmapView.swift,\ GeneratedAssetSymbols.swift /Users/runner/work/Appsales/Appsales/Kept/Views/MonthGridView.swift /Users/runner/work/Appsales/Appsales/Kept/Views/OnDeviceAI.swift /Users/runner/work/Appsales/Appsales/Kept/Views/OnboardingView.swift /Users/runner/work/Appsales/Appsales/Kept/Store/Purchases.swift /Users/runner/work/Appsales/Appsales/Kept/Logic/ReminderPlanner.swift /Users/runner/work/Appsales/Appsales/Kept/Services/ReminderScheduler.swift /Users/runner/work/Appsales/Appsales/Kept/Logic/ReviewPrompt.swift /Users/runner/work/Appsales/Appsales/Kept/Views/RootView.swift /Users/runner/work/Appsales/Appsales/Kept/Views/SettingsView.swift /Users/runner/work/Appsales/Appsales/Kept/Logic/SpeechSplitter.swift /Users/runner/work/Appsales/Appsales/Kept/Logic/StreakCalculator.swift /Users/runner/work/Appsales/Appsales/Kept/Views/TodayScreen.swift /Users/runner/work/Appsales/Appsales/Kept/Views/TrendsView.swift /Users/runner/work/Appsales/Appsales/Kept/Logic/UnlockPolicy.swift /Users/runner/work/Appsales/Appsales/Kept/Views/VoiceEntryView.swift /Users/runner/work/Appsales/Appsales/Kept/Logic/VolumeFormat.swift /Users/runner/work/Appsales/Appsales/Kept/Views/WidgetShowcaseView.swift /Users/runner/work/Appsales/Appsales/Kept/Views/YearHeatmapView.swift /Users/runner/Library/Developer/Xcode/DerivedData/Kept-epodaxjxwtzzpkappqnvuufzksrb/Build/Intermediates.noindex/Kept.build/Debug-iphonesimulator/Kept.build/DerivedSources/GeneratedAssetSymbols.swift (in target 'Kept' from project 'Kept')

SwiftCompile normal arm64 /Users/runner/work/Appsales/Appsales/Kept/Views/MonthGridView.swift (in target 'Kept' from project 'Kept')
    cd /Users/runner/work/Appsales/Appsales
    

SwiftCompile normal arm64 /Users/runner/work/Appsales/Appsales/Kept/Views/OnDeviceAI.swift (in target 'Kept' from project 'Kept')
    cd /Users/runner/work/Appsales/Appsales
    

SwiftCompile normal arm64 /Users/runner/work/Appsales/Appsales/Kept/Views/OnboardingView.swift (in target 'Kept' from project 'Kept')
    cd /Users/runner/work/Appsales/Appsales
    

SwiftCompile normal arm64 /Users/runner/work/Appsales/Appsales/Kept/Store/Purchases.swift (in target 'Kept' from project 'Kept')
    cd /Users/runner/work/Appsales/Appsales
    

SwiftCompile normal arm64 /Users/runner/work/Appsales/Appsales/Kept/Logic/ReminderPlanner.swift (in target 'Kept' from project 'Kept')
    cd /Users/runner/work/Appsales/Appsales
    

SwiftCompile normal arm64 /Users/runner/work/Appsales/Appsales/Kept/Services/ReminderScheduler.swift (in target 'Kept' from project 'Kept')
    cd /Users/runner/work/Appsales/Appsales
    

SwiftCompile normal arm64 /Users/runner/work/Appsales/Appsales/Kept/Logic/ReviewPrompt.swift (in target 'Kept' from project 'Kept')
    cd /Users/runner/work/Appsales/Appsales
    

SwiftCompile normal arm64 /Users/runner/work/Appsales/Appsales/Kept/Views/RootView.swift (in target 'Kept' from project 'Kept')
    cd /Users/runner/work/Appsales/Appsales
    

SwiftCompile normal arm64 /Users/runner/work/Appsales/Appsales/Kept/Views/SettingsView.swift (in target 'Kept' from project 'Kept')
    cd /Users/runner/work/Appsales/Appsales
    

SwiftCompile normal arm64 /Users/runner/work/Appsales/Appsales/Kept/Logic/SpeechSplitter.swift (in target 'Kept' from project 'Kept')
    cd /Users/runner/work/Appsales/Appsales
    

SwiftCompile normal arm64 /Users/runner/work/Appsales/Appsales/Kept/Logic/StreakCalculator.swift (in target 'Kept' from project 'Kept')
    cd /Users/runner/work/Appsales/Appsales
    

SwiftCompile normal arm64 /Users/runner/work/Appsales/Appsales/Kept/Views/TodayScreen.swift (in target 'Kept' from project 'Kept')
    cd /Users/runner/work/Appsales/Appsales
    

SwiftCompile normal arm64 /Users/runner/work/Appsales/Appsales/Kept/Views/TrendsView.swift (in target 'Kept' from project 'Kept')
    cd /Users/runner/work/Appsales/Appsales
    

SwiftCompile normal arm64 /Users/runner/work/Appsales/Appsales/Kept/Logic/UnlockPolicy.swift (in target 'Kept' from project 'Kept')
    cd /Users/runner/work/Appsales/Appsales
    

SwiftCompile normal arm64 /Users/runner/work/Appsales/Appsales/Kept/Views/VoiceEntryView.swift (in target 'Kept' from project 'Kept')
    cd /Users/runner/work/Appsales/Appsales
    

SwiftCompile normal arm64 /Users/runner/work/Appsales/Appsales/Kept/Logic/VolumeFormat.swift (in target 'Kept' from project 'Kept')
    cd /Users/runner/work/Appsales/Appsales
    

SwiftCompile normal arm64 /Users/runner/work/Appsales/Appsales/Kept/Views/WidgetShowcaseView.swift (in target 'Kept' from project 'Kept')
    cd /Users/runner/work/Appsales/Appsales
    

SwiftCompile normal arm64 /Users/runner/work/Appsales/Appsales/Kept/Views/YearHeatmapView.swift (in target 'Kept' from project 'Kept')
    cd /Users/runner/work/Appsales/Appsales
    

SwiftCompile normal arm64 /Users/runner/Library/Developer/Xcode/DerivedData/Kept-epodaxjxwtzzpkappqnvuufzksrb/Build/Intermediates.noindex/Kept.build/Debug-iphonesimulator/Kept.build/DerivedSources/GeneratedAssetSymbols.swift (in target 'Kept' from project 'Kept')
    cd /Users/runner/work/Appsales/Appsales
    

SwiftDriverJobDiscovery normal arm64 Emitting module for Kept (in target 'Kept' from project 'Kept')

SwiftDriver\ Compilation\ Requirements Kept normal arm64 com.apple.xcode.tools.swift.compiler (in target 'Kept' from project 'Kept')
    cd /Users/runner/work/Appsales/Appsales
    builtin-Swift-Compilation-Requirements -- /Applications/Xcode_26.3.app/Contents/Developer/Toolchains/XcodeDefault.xctoolchain/usr/bin/swiftc -module-name Kept -Onone -enforce-exclusivity\=checked @/Users/runner/Library/Developer/Xcode/DerivedData/Kept-epodaxjxwtzzpkappqnvuufzksrb/Build/Intermediates.noindex/Kept.build/Debug-iphonesimulator/Kept.build/Objects-normal/arm64/Kept.SwiftFileList -DDEBUG -enable-bare-slash-regex -enable-experimental-feature DebugDescriptionMacro -sdk /Applications/Xcode_26.3.app/Contents/Developer/Platforms/iPhoneSimulator.platform/Developer/SDKs/iPhoneSimulator26.2.sdk -target arm64-apple-ios17.0-simulator -g -module-cache-path /Users/runner/Library/Developer/Xcode/DerivedData/ModuleCache.noindex -Xfrontend -serialize-debugging-options -enable-testing -index-store-path /Users/runner/Library/Developer/Xcode/DerivedData/Kept-epodaxjxwtzzpkappqnvuufzksrb/Index.noindex/DataStore -Xcc -D_LIBCPP_HARDENING_MODE\=_LIBCPP_HARDENING_MODE_DEBUG -swift-version 5 -I /Users/runner/Library/Developer/Xcode/DerivedData/Kept-epodaxjxwtzzpkappqnvuufzksrb/Build/Products/Debug-iphonesimulator -F /Users/runner/Library/Developer/Xcode/DerivedData/Kept-epodaxjxwtzzpkappqnvuufzksrb/Build/Products/Debug-iphonesimulator -emit-localized-strings -emit-localized-strings-path /Users/runner/Library/Developer/Xcode/DerivedData/Kept-epodaxjxwtzzpkappqnvuufzksrb/Build/Intermediates.noindex/Kept.build/Debug-iphonesimulator/Kept.build/Objects-normal/arm64 -c -j3 -enable-batch-mode -incremental -Xcc -ivfsstatcache -Xcc /Users/runner/Library/Developer/Xcode/DerivedData/SDKStatCaches.noindex/iphonesimulator26.2-23C57-dc75598d0054f22ec865fa860f139d72e244bd9a5feaf902f95f61bf06266e52.sdkstatcache -output-file-map /Users/runner/Library/Developer/Xcode/DerivedData/Kept-epodaxjxwtzzpkappqnvuufzksrb/Build/Intermediates.noindex/Kept.build/Debug-iphonesimulator/Kept.build/Objects-normal/arm64/Kept-OutputFileMap.json -use-frontend-parseable-output -save-temps -no-color-diagnostics -explicit-module-build -module-cache-path /Users/runner/Library/Developer/Xcode/DerivedData/Kept-epodaxjxwtzzpkappqnvuufzksrb/Build/Intermediates.noindex/SwiftExplicitPrecompiledModules -clang-scanner-module-cache-path /Users/runner/Library/Developer/Xcode/DerivedData/ModuleCache.noindex -sdk-module-cache-path /Users/runner/Library/Developer/Xcode/DerivedData/ModuleCache.noindex -serialize-diagnostics -emit-dependencies -emit-module -emit-module-path /Users/runner/Library/Developer/Xcode/DerivedData/Kept-epodaxjxwtzzpkappqnvuufzksrb/Build/Intermediates.noindex/Kept.build/Debug-iphonesimulator/Kept.build/Objects-normal/arm64/Kept.swiftmodule -validate-clang-modules-once -clang-build-session-file /Users/runner/Library/Developer/Xcode/DerivedData/ModuleCache.noindex/Session.modulevalidation -Xcc -I/Users/runner/Library/Developer/Xcode/DerivedData/Kept-epodaxjxwtzzpkappqnvuufzksrb/Build/Intermediates.noindex/Kept.build/Debug-iphonesimulator/Kept.build/swift-overrides.hmap -emit-const-values -Xfrontend -const-gather-protocols-file -Xfrontend /Users/runner/Library/Developer/Xcode/DerivedData/Kept-epodaxjxwtzzpkappqnvuufzksrb/Build/Intermediates.noindex/Kept.build/Debug-iphonesimulator/Kept.build/Objects-normal/arm64/Kept_const_extract_protocols.json -Xcc -iquote -Xcc /Users/runner/Library/Developer/Xcode/DerivedData/Kept-epodaxjxwtzzpkappqnvuufzksrb/Build/Intermediates.noindex/Kept.build/Debug-iphonesimulator/Kept.build/Kept-generated-files.hmap -Xcc -I/Users/runner/Library/Developer/Xcode/DerivedData/Kept-epodaxjxwtzzpkappqnvuufzksrb/Build/Intermediates.noindex/Kept.build/Debug-iphonesimulator/Kept.build/Kept-own-target-headers.hmap -Xcc -I/Users/runner/Library/Developer/Xcode/DerivedData/Kept-epodaxjxwtzzpkappqnvuufzksrb/Build/Intermediates.noindex/Kept.build/Debug-iphonesimulator/Kept.build/Kept-all-target-headers.hmap -Xcc -iquote -Xcc /Users/runner/Library/Developer/Xcode/DerivedData/Kept-epodaxjxwtzzpkappqnvuufzksrb/Build/Intermediates.noindex/Kept.build/Debug-iphonesimulator/Kept.build/Kept-project-headers.hmap -Xcc -I/Users/runner/Library/Developer/Xcode/DerivedData/Kept-epodaxjxwtzzpkappqnvuufzksrb/Build/Products/Debug-iphonesimulator/include -Xcc -I/Users/runner/Library/Developer/Xcode/DerivedData/Kept-epodaxjxwtzzpkappqnvuufzksrb/Build/Intermediates.noindex/Kept.build/Debug-iphonesimulator/Kept.build/DerivedSources-normal/arm64 -Xcc -I/Users/runner/Library/Developer/Xcode/DerivedData/Kept-epodaxjxwtzzpkappqnvuufzksrb/Build/Intermediates.noindex/Kept.build/Debug-iphonesimulator/Kept.build/DerivedSources/arm64 -Xcc -I/Users/runner/Library/Developer/Xcode/DerivedData/Kept-epodaxjxwtzzpkappqnvuufzksrb/Build/Intermediates.noindex/Kept.build/Debug-iphonesimulator/Kept.build/DerivedSources -Xcc -DDEBUG\=1 -emit-objc-header -emit-objc-header-path /Users/runner/Library/Developer/Xcode/DerivedData/Kept-epodaxjxwtzzpkappqnvuufzksrb/Build/Intermediates.noindex/Kept.build/Debug-iphonesimulator/Kept.build/Objects-normal/arm64/Kept-Swift.h -working-directory /Users/runner/work/Appsales/Appsales -experimental-emit-module-separately -disable-cmo

SwiftDriverJobDiscovery normal arm64 Compiling MonthGridView.swift, OnDeviceAI.swift, OnboardingView.swift, Purchases.swift, ReminderPlanner.swift, ReminderScheduler.swift, ReviewPrompt.swift, RootView.swift, SettingsView.swift, SpeechSplitter.swift, StreakCalculator.swift, TodayScreen.swift, TrendsView.swift, UnlockPolicy.swift, VoiceEntryView.swift, VolumeFormat.swift, WidgetShowcaseView.swift, YearHeatmapView.swift, GeneratedAssetSymbols.swift (in target 'Kept' from project 'Kept')

SwiftMergeGeneratedHeaders /Users/runner/Library/Developer/Xcode/DerivedData/Kept-epodaxjxwtzzpkappqnvuufzksrb/Build/Intermediates.noindex/Kept.build/Debug-iphonesimulator/Kept.build/DerivedSources/Kept-Swift.h /Users/runner/Library/Developer/Xcode/DerivedData/Kept-epodaxjxwtzzpkappqnvuufzksrb/Build/Intermediates.noindex/Kept.build/Debug-iphonesimulator/Kept.build/Objects-normal/arm64/Kept-Swift.h (in target 'Kept' from project 'Kept')
    cd /Users/runner/work/Appsales/Appsales
    builtin-swiftHeaderTool -arch arm64 /Users/runner/Library/Developer/Xcode/DerivedData/Kept-epodaxjxwtzzpkappqnvuufzksrb/Build/Intermediates.noindex/Kept.build/Debug-iphonesimulator/Kept.build/Objects-normal/arm64/Kept-Swift.h -o /Users/runner/Library/Developer/Xcode/DerivedData/Kept-epodaxjxwtzzpkappqnvuufzksrb/Build/Intermediates.noindex/Kept.build/Debug-iphonesimulator/Kept.build/DerivedSources/Kept-Swift.h

Copy /Users/runner/Library/Developer/Xcode/DerivedData/Kept-epodaxjxwtzzpkappqnvuufzksrb/Build/Products/Debug-iphonesimulator/Kept.swiftmodule/arm64-apple-ios-simulator.swiftmodule /Users/runner/Library/Developer/Xcode/DerivedData/Kept-epodaxjxwtzzpkappqnvuufzksrb/Build/Intermediates.noindex/Kept.build/Debug-iphonesimulator/Kept.build/Objects-normal/arm64/Kept.swiftmodule (in target 'Kept' from project 'Kept')
    cd /Users/runner/work/Appsales/Appsales
    builtin-copy -exclude .DS_Store -exclude CVS -exclude .svn -exclude .git -exclude .hg -resolve-src-symlinks -rename /Users/runner/Library/Developer/Xcode/DerivedData/Kept-epodaxjxwtzzpkappqnvuufzksrb/Build/Intermediates.noindex/Kept.build/Debug-iphonesimulator/Kept.build/Objects-normal/arm64/Kept.swiftmodule /Users/runner/Library/Developer/Xcode/DerivedData/Kept-epodaxjxwtzzpkappqnvuufzksrb/Build/Products/Debug-iphonesimulator/Kept.swiftmodule/arm64-apple-ios-simulator.swiftmodule

Copy /Users/runner/Library/Developer/Xcode/DerivedData/Kept-epodaxjxwtzzpkappqnvuufzksrb/Build/Products/Debug-iphonesimulator/Kept.swiftmodule/arm64-apple-ios-simulator.swiftdoc /Users/runner/Library/Developer/Xcode/DerivedData/Kept-epodaxjxwtzzpkappqnvuufzksrb/Build/Intermediates.noindex/Kept.build/Debug-iphonesimulator/Kept.build/Objects-normal/arm64/Kept.swiftdoc (in target 'Kept' from project 'Kept')
    cd /Users/runner/work/Appsales/Appsales
    builtin-copy -exclude .DS_Store -exclude CVS -exclude .svn -exclude .git -exclude .hg -resolve-src-symlinks -rename /Users/runner/Library/Developer/Xcode/DerivedData/Kept-epodaxjxwtzzpkappqnvuufzksrb/Build/Intermediates.noindex/Kept.build/Debug-iphonesimulator/Kept.build/Objects-normal/arm64/Kept.swiftdoc /Users/runner/Library/Developer/Xcode/DerivedData/Kept-epodaxjxwtzzpkappqnvuufzksrb/Build/Products/Debug-iphonesimulator/Kept.swiftmodule/arm64-apple-ios-simulator.swiftdoc

Copy /Users/runner/Library/Developer/Xcode/DerivedData/Kept-epodaxjxwtzzpkappqnvuufzksrb/Build/Products/Debug-iphonesimulator/Kept.swiftmodule/arm64-apple-ios-simulator.abi.json /Users/runner/Library/Developer/Xcode/DerivedData/Kept-epodaxjxwtzzpkappqnvuufzksrb/Build/Intermediates.noindex/Kept.build/Debug-iphonesimulator/Kept.build/Objects-normal/arm64/Kept.abi.json (in target 'Kept' from project 'Kept')
    cd /Users/runner/work/Appsales/Appsales
    builtin-copy -exclude .DS_Store -exclude CVS -exclude .svn -exclude .git -exclude .hg -resolve-src-symlinks -rename /Users/runner/Library/Developer/Xcode/DerivedData/Kept-epodaxjxwtzzpkappqnvuufzksrb/Build/Intermediates.noindex/Kept.build/Debug-iphonesimulator/Kept.build/Objects-normal/arm64/Kept.abi.json /Users/runner/Library/Developer/Xcode/DerivedData/Kept-epodaxjxwtzzpkappqnvuufzksrb/Build/Products/Debug-iphonesimulator/Kept.swiftmodule/arm64-apple-ios-simulator.abi.json

Copy /Users/runner/Library/Developer/Xcode/DerivedData/Kept-epodaxjxwtzzpkappqnvuufzksrb/Build/Products/Debug-iphonesimulator/Kept.swiftmodule/Project/arm64-apple-ios-simulator.swiftsourceinfo /Users/runner/Library/Developer/Xcode/DerivedData/Kept-epodaxjxwtzzpkappqnvuufzksrb/Build/Intermediates.noindex/Kept.build/Debug-iphonesimulator/Kept.build/Objects-normal/arm64/Kept.swiftsourceinfo (in target 'Kept' from project 'Kept')
    cd /Users/runner/work/Appsales/Appsales
    builtin-copy -exclude .DS_Store -exclude CVS -exclude .svn -exclude .git -exclude .hg -resolve-src-symlinks -rename /Users/runner/Library/Developer/Xcode/DerivedData/Kept-epodaxjxwtzzpkappqnvuufzksrb/Build/Intermediates.noindex/Kept.build/Debug-iphonesimulator/Kept.build/Objects-normal/arm64/Kept.swiftsourceinfo /Users/runner/Library/Developer/Xcode/DerivedData/Kept-epodaxjxwtzzpkappqnvuufzksrb/Build/Products/Debug-iphonesimulator/Kept.swiftmodule/Project/arm64-apple-ios-simulator.swiftsourceinfo

SwiftDriver KeptUITests normal arm64 com.apple.xcode.tools.swift.compiler (in target 'KeptUITests' from project 'Kept')
    cd /Users/runner/work/Appsales/Appsales
    builtin-SwiftDriver -- /Applications/Xcode_26.3.app/Contents/Developer/Toolchains/XcodeDefault.xctoolchain/usr/bin/swiftc -module-name KeptUITests -Onone -enforce-exclusivity\=checked @/Users/runner/Library/Developer/Xcode/DerivedData/Kept-epodaxjxwtzzpkappqnvuufzksrb/Build/Intermediates.noindex/Kept.build/Debug-iphonesimulator/KeptUITests.build/Objects-normal/arm64/KeptUITests.SwiftFileList -DDEBUG -module-alias Testing\=_Testing_Unavailable -plugin-path /Applications/Xcode_26.3.app/Contents/Developer/Toolchains/XcodeDefault.xctoolchain/usr/lib/swift/host/plugins/testing -enable-bare-slash-regex -enable-experimental-feature DebugDescriptionMacro -sdk /Applications/Xcode_26.3.app/Contents/Developer/Platforms/iPhoneSimulator.platform/Developer/SDKs/iPhoneSimulator26.2.sdk -target arm64-apple-ios17.0-simulator -g -module-cache-path /Users/runner/Library/Developer/Xcode/DerivedData/ModuleCache.noindex -Xfrontend -serialize-debugging-options -enable-testing -index-store-path /Users/runner/Library/Developer/Xcode/DerivedData/Kept-epodaxjxwtzzpkappqnvuufzksrb/Index.noindex/DataStore -Xcc -D_LIBCPP_HARDENING_MODE\=_LIBCPP_HARDENING_MODE_DEBUG -swift-version 5 -I /Users/runner/Library/Developer/Xcode/DerivedData/Kept-epodaxjxwtzzpkappqnvuufzksrb/Build/Products/Debug-iphonesimulator -Isystem /Applications/Xcode_26.3.app/Contents/Developer/Platforms/iPhoneSimulator.platform/Developer/usr/lib -F /Users/runner/Library/Developer/Xcode/DerivedData/Kept-epodaxjxwtzzpkappqnvuufzksrb/Build/Products/Debug-iphonesimulator -F /Applications/Xcode_26.3.app/Contents/Developer/Platforms/iPhoneSimulator.platform/Developer/Library/Frameworks -F /Applications/Xcode_26.3.app/Contents/Developer/Platforms/iPhoneSimulator.platform/Developer/SDKs/iPhoneSimulator26.2.sdk/Developer/Library/Frameworks -parse-as-library -c -j3 -enable-batch-mode -incremental -Xcc -ivfsstatcache -Xcc /Users/runner/Library/Developer/Xcode/DerivedData/SDKStatCaches.noindex/iphonesimulator26.2-23C57-dc75598d0054f22ec865fa860f139d72e244bd9a5feaf902f95f61bf06266e52.sdkstatcache -output-file-map /Users/runner/Library/Developer/Xcode/DerivedData/Kept-epodaxjxwtzzpkappqnvuufzksrb/Build/Intermediates.noindex/Kept.build/Debug-iphonesimulator/KeptUITests.build/Objects-normal/arm64/KeptUITests-OutputFileMap.json -use-frontend-parseable-output -save-temps -no-color-diagnostics -explicit-module-build -module-cache-path /Users/runner/Library/Developer/Xcode/DerivedData/Kept-epodaxjxwtzzpkappqnvuufzksrb/Build/Intermediates.noindex/SwiftExplicitPrecompiledModules -clang-scanner-module-cache-path /Users/runner/Library/Developer/Xcode/DerivedData/ModuleCache.noindex -sdk-module-cache-path /Users/runner/Library/Developer/Xcode/DerivedData/ModuleCache.noindex -serialize-diagnostics -emit-dependencies -emit-module -emit-module-path /Users/runner/Library/Developer/Xcode/DerivedData/Kept-epodaxjxwtzzpkappqnvuufzksrb/Build/Intermediates.noindex/Kept.build/Debug-iphonesimulator/KeptUITests.build/Objects-normal/arm64/KeptUITests.swiftmodule -validate-clang-modules-once -clang-build-session-file /Users/runner/Library/Developer/Xcode/DerivedData/ModuleCache.noindex/Session.modulevalidation -Xcc -I/Users/runner/Library/Developer/Xcode/DerivedData/Kept-epodaxjxwtzzpkappqnvuufzksrb/Build/Intermediates.noindex/Kept.build/Debug-iphonesimulator/KeptUITests.build/swift-overrides.hmap -emit-const-values -Xfrontend -const-gather-protocols-file -Xfrontend /Users/runner/Library/Developer/Xcode/DerivedData/Kept-epodaxjxwtzzpkappqnvuufzksrb/Build/Intermediates.noindex/Kept.build/Debug-iphonesimulator/KeptUITests.build/Objects-normal/arm64/KeptUITests_const_extract_protocols.json -Xcc -iquote -Xcc /Users/runner/Library/Developer/Xcode/DerivedData/Kept-epodaxjxwtzzpkappqnvuufzksrb/Build/Intermediates.noindex/Kept.build/Debug-iphonesimulator/KeptUITests.build/KeptUITests-generated-files.hmap -Xcc -I/Users/runner/Library/Developer/Xcode/DerivedData/Kept-epodaxjxwtzzpkappqnvuufzksrb/Build/Intermediates.noindex/Kept.build/Debug-iphonesimulator/KeptUITests.build/KeptUITests-own-target-headers.hmap -Xcc -I/Users/runner/Library/Developer/Xcode/DerivedData/Kept-epodaxjxwtzzpkappqnvuufzksrb/Build/Intermediates.noindex/Kept.build/Debug-iphonesimulator/KeptUITests.build/KeptUITests-all-target-headers.hmap -Xcc -iquote -Xcc /Users/runner/Library/Developer/Xcode/DerivedData/Kept-epodaxjxwtzzpkappqnvuufzksrb/Build/Intermediates.noindex/Kept.build/Debug-iphonesimulator/KeptUITests.build/KeptUITests-project-headers.hmap -Xcc -I/Users/runner/Library/Developer/Xcode/DerivedData/Kept-epodaxjxwtzzpkappqnvuufzksrb/Build/Products/Debug-iphonesimulator/include -Xcc -I/Users/runner/Library/Developer/Xcode/DerivedData/Kept-epodaxjxwtzzpkappqnvuufzksrb/Build/Intermediates.noindex/Kept.build/Debug-iphonesimulator/KeptUITests.build/DerivedSources-normal/arm64 -Xcc -I/Users/runner/Library/Developer/Xcode/DerivedData/Kept-epodaxjxwtzzpkappqnvuufzksrb/Build/Intermediates.noindex/Kept.build/Debug-iphonesimulator/KeptUITests.build/DerivedSources/arm64 -Xcc -I/Users/runner/Library/Developer/Xcode/DerivedData/Kept-epodaxjxwtzzpkappqnvuufzksrb/Build/Intermediates.noindex/Kept.build/Debug-iphonesimulator/KeptUITests.build/DerivedSources -Xcc -DDEBUG\=1 -emit-objc-header -emit-objc-header-path /Users/runner/Library/Developer/Xcode/DerivedData/Kept-epodaxjxwtzzpkappqnvuufzksrb/Build/Intermediates.noindex/Kept.build/Debug-iphonesimulator/KeptUITests.build/Objects-normal/arm64/KeptUITests-Swift.h -working-directory /Users/runner/work/Appsales/Appsales -experimental-emit-module-separately -disable-cmo

SwiftDriverJobDiscovery normal arm64 Compiling HabitRow.swift, HabitStore.swift, Haptics.swift, HealthDay.swift, HealthReader.swift, HistoryView.swift, ImportView.swift, KeptApp.swift, KeptDateCoding.swift, KeptFiles.swift, KeptSettings.swift, KeptShortcuts.swift, KeptWidgetView.swift, LabelParser.swift, LabelScanView.swift, LogEntry.swift, LogEntryEditor.swift, LogEntryRow.swift, LogInsights.swift (in target 'Kept' from project 'Kept')

SwiftDriver KeptTests normal arm64 com.apple.xcode.tools.swift.compiler (in target 'KeptTests' from project 'Kept')
    cd /Users/runner/work/Appsales/Appsales
    builtin-SwiftDriver -- /Applications/Xcode_26.3.app/Contents/Developer/Toolchains/XcodeDefault.xctoolchain/usr/bin/swiftc -module-name KeptTests -Onone -enforce-exclusivity\=checked @/Users/runner/Library/Developer/Xcode/DerivedData/Kept-epodaxjxwtzzpkappqnvuufzksrb/Build/Intermediates.noindex/Kept.build/Debug-iphonesimulator/KeptTests.build/Objects-normal/arm64/KeptTests.SwiftFileList -DDEBUG -plugin-path /Applications/Xcode_26.3.app/Contents/Developer/Toolchains/XcodeDefault.xctoolchain/usr/lib/swift/host/plugins/testing -enable-bare-slash-regex -enable-experimental-feature DebugDescriptionMacro -sdk /Applications/Xcode_26.3.app/Contents/Developer/Platforms/iPhoneSimulator.platform/Developer/SDKs/iPhoneSimulator26.2.sdk -target arm64-apple-ios17.0-simulator -g -module-cache-path /Users/runner/Library/Developer/Xcode/DerivedData/ModuleCache.noindex -Xfrontend -serialize-debugging-options -enable-testing -index-store-path /Users/runner/Library/Developer/Xcode/DerivedData/Kept-epodaxjxwtzzpkappqnvuufzksrb/Index.noindex/DataStore -Xcc -D_LIBCPP_HARDENING_MODE\=_LIBCPP_HARDENING_MODE_DEBUG -swift-version 5 -I /Users/runner/Library/Developer/Xcode/DerivedData/Kept-epodaxjxwtzzpkappqnvuufzksrb/Build/Products/Debug-iphonesimulator -Isystem /Applications/Xcode_26.3.app/Contents/Developer/Platforms/iPhoneSimulator.platform/Developer/usr/lib -F /Users/runner/Library/Developer/Xcode/DerivedData/Kept-epodaxjxwtzzpkappqnvuufzksrb/Build/Products/Debug-iphonesimulator -F /Applications/Xcode_26.3.app/Contents/Developer/Platforms/iPhoneSimulator.platform/Developer/Library/Frameworks -F /Applications/Xcode_26.3.app/Contents/Developer/Platforms/iPhoneSimulator.platform/Developer/SDKs/iPhoneSimulator26.2.sdk/Developer/Library/Frameworks -c -j3 -enable-batch-mode -incremental -Xcc -ivfsstatcache -Xcc /Users/runner/Library/Developer/Xcode/DerivedData/SDKStatCaches.noindex/iphonesimulator26.2-23C57-dc75598d0054f22ec865fa860f139d72e244bd9a5feaf902f95f61bf06266e52.sdkstatcache -output-file-map /Users/runner/Library/Developer/Xcode/DerivedData/Kept-epodaxjxwtzzpkappqnvuufzksrb/Build/Intermediates.noindex/Kept.build/Debug-iphonesimulator/KeptTests.build/Objects-normal/arm64/KeptTests-OutputFileMap.json -use-frontend-parseable-output -save-temps -no-color-diagnostics -explicit-module-build -module-cache-path /Users/runner/Library/Developer/Xcode/DerivedData/Kept-epodaxjxwtzzpkappqnvuufzksrb/Build/Intermediates.noindex/SwiftExplicitPrecompiledModules -clang-scanner-module-cache-path /Users/runner/Library/Developer/Xcode/DerivedData/ModuleCache.noindex -sdk-module-cache-path /Users/runner/Library/Developer/Xcode/DerivedData/ModuleCache.noindex -serialize-diagnostics -emit-dependencies -emit-module -emit-module-path /Users/runner/Library/Developer/Xcode/DerivedData/Kept-epodaxjxwtzzpkappqnvuufzksrb/Build/Intermediates.noindex/Kept.build/Debug-iphonesimulator/KeptTests.build/Objects-normal/arm64/KeptTests.swiftmodule -validate-clang-modules-once -clang-build-session-file /Users/runner/Library/Developer/Xcode/DerivedData/ModuleCache.noindex/Session.modulevalidation -Xcc -I/Users/runner/Library/Developer/Xcode/DerivedData/Kept-epodaxjxwtzzpkappqnvuufzksrb/Build/Intermediates.noindex/Kept.build/Debug-iphonesimulator/KeptTests.build/swift-overrides.hmap -emit-const-values -Xfrontend -const-gather-protocols-file -Xfrontend /Users/runner/Library/Developer/Xcode/DerivedData/Kept-epodaxjxwtzzpkappqnvuufzksrb/Build/Intermediates.noindex/Kept.build/Debug-iphonesimulator/KeptTests.build/Objects-normal/arm64/KeptTests_const_extract_protocols.json -Xcc -iquote -Xcc /Users/runner/Library/Developer/Xcode/DerivedData/Kept-epodaxjxwtzzpkappqnvuufzksrb/Build/Intermediates.noindex/Kept.build/Debug-iphonesimulator/KeptTests.build/KeptTests-generated-files.hmap -Xcc -I/Users/runner/Library/Developer/Xcode/DerivedData/Kept-epodaxjxwtzzpkappqnvuufzksrb/Build/Intermediates.noindex/Kept.build/Debug-iphonesimulator/KeptTests.build/KeptTests-own-target-headers.hmap -Xcc -I/Users/runner/Library/Developer/Xcode/DerivedData/Kept-epodaxjxwtzzpkappqnvuufzksrb/Build/Intermediates.noindex/Kept.build/Debug-iphonesimulator/KeptTests.build/KeptTests-all-target-headers.hmap -Xcc -iquote -Xcc /Users/runner/Library/Developer/Xcode/DerivedData/Kept-epodaxjxwtzzpkappqnvuufzksrb/Build/Intermediates.noindex/Kept.build/Debug-iphonesimulator/KeptTests.build/KeptTests-project-headers.hmap -Xcc -I/Users/runner/Library/Developer/Xcode/DerivedData/Kept-epodaxjxwtzzpkappqnvuufzksrb/Build/Products/Debug-iphonesimulator/include -Xcc -I/Users/runner/Library/Developer/Xcode/DerivedData/Kept-epodaxjxwtzzpkappqnvuufzksrb/Build/Intermediates.noindex/Kept.build/Debug-iphonesimulator/KeptTests.build/DerivedSources-normal/arm64 -Xcc -I/Users/runner/Library/Developer/Xcode/DerivedData/Kept-epodaxjxwtzzpkappqnvuufzksrb/Build/Intermediates.noindex/Kept.build/Debug-iphonesimulator/KeptTests.build/DerivedSources/arm64 -Xcc -I/Users/runner/Library/Developer/Xcode/DerivedData/Kept-epodaxjxwtzzpkappqnvuufzksrb/Build/Intermediates.noindex/Kept.build/Debug-iphonesimulator/KeptTests.build/DerivedSources -Xcc -DDEBUG\=1 -emit-objc-header -emit-objc-header-path /Users/runner/Library/Developer/Xcode/DerivedData/Kept-epodaxjxwtzzpkappqnvuufzksrb/Build/Intermediates.noindex/Kept.build/Debug-iphonesimulator/KeptTests.build/Objects-normal/arm64/KeptTests-Swift.h -working-directory /Users/runner/work/Appsales/Appsales -experimental-emit-module-separately -disable-cmo

SwiftExplicitDependencyGeneratePcm arm64 /Users/runner/Library/Developer/Xcode/DerivedData/Kept-epodaxjxwtzzpkappqnvuufzksrb/Build/Intermediates.noindex/SwiftExplicitPrecompiledModules/XCUIAutomation-1IBJEV88IV4O76XEROAU7LMQO.pcm

SwiftExplicitDependencyGeneratePcm arm64 /Users/runner/Library/Developer/Xcode/DerivedData/Kept-epodaxjxwtzzpkappqnvuufzksrb/Build/Intermediates.noindex/SwiftExplicitPrecompiledModules/XCTest-7OV8A77BJ6P84Y70VFPBKM6IE.pcm

SwiftExplicitDependencyCompileModuleFromInterface arm64 /Users/runner/Library/Developer/Xcode/DerivedData/Kept-epodaxjxwtzzpkappqnvuufzksrb/Build/Intermediates.noindex/SwiftExplicitPrecompiledModules/XCUIAutomation-2UTKUQ40L7Q1H.swiftmodule

SwiftExplicitDependencyCompileModuleFromInterface arm64 /Users/runner/Library/Developer/Xcode/DerivedData/Kept-epodaxjxwtzzpkappqnvuufzksrb/Build/Intermediates.noindex/SwiftExplicitPrecompiledModules/XCTest-2NCIBZJYL0EAL.swiftmodule

SwiftEmitModule normal arm64 Emitting\ module\ for\ KeptUITests (in target 'KeptUITests' from project 'Kept')

SwiftCompile normal arm64 /Users/runner/work/Appsales/Appsales/KeptUITests/UserJourneyTests.swift (in target 'KeptUITests' from project 'Kept')
    cd /Users/runner/work/Appsales/Appsales
    

SwiftCompile normal arm64 Compiling\ UserJourneyTests.swift /Users/runner/work/Appsales/Appsales/KeptUITests/UserJourneyTests.swift (in target 'KeptUITests' from project 'Kept')

SwiftCompile normal arm64 /Users/runner/work/Appsales/Appsales/KeptUITests/UserJourneyTests.swift (in target 'KeptUITests' from project 'Kept')
    cd /Users/runner/work/Appsales/Appsales
    

SwiftDriverJobDiscovery normal arm64 Emitting module for KeptUITests (in target 'KeptUITests' from project 'Kept')

SwiftDriver\ Compilation\ Requirements KeptUITests normal arm64 com.apple.xcode.tools.swift.compiler (in target 'KeptUITests' from project 'Kept')
    cd /Users/runner/work/Appsales/Appsales
    builtin-Swift-Compilation-Requirements -- /Applications/Xcode_26.3.app/Contents/Developer/Toolchains/XcodeDefault.xctoolchain/usr/bin/swiftc -module-name KeptUITests -Onone -enforce-exclusivity\=checked @/Users/runner/Library/Developer/Xcode/DerivedData/Kept-epodaxjxwtzzpkappqnvuufzksrb/Build/Intermediates.noindex/Kept.build/Debug-iphonesimulator/KeptUITests.build/Objects-normal/arm64/KeptUITests.SwiftFileList -DDEBUG -module-alias Testing\=_Testing_Unavailable -plugin-path /Applications/Xcode_26.3.app/Contents/Developer/Toolchains/XcodeDefault.xctoolchain/usr/lib/swift/host/plugins/testing -enable-bare-slash-regex -enable-experimental-feature DebugDescriptionMacro -sdk /Applications/Xcode_26.3.app/Contents/Developer/Platforms/iPhoneSimulator.platform/Developer/SDKs/iPhoneSimulator26.2.sdk -target arm64-apple-ios17.0-simulator -g -module-cache-path /Users/runner/Library/Developer/Xcode/DerivedData/ModuleCache.noindex -Xfrontend -serialize-debugging-options -enable-testing -index-store-path /Users/runner/Library/Developer/Xcode/DerivedData/Kept-epodaxjxwtzzpkappqnvuufzksrb/Index.noindex/DataStore -Xcc -D_LIBCPP_HARDENING_MODE\=_LIBCPP_HARDENING_MODE_DEBUG -swift-version 5 -I /Users/runner/Library/Developer/Xcode/DerivedData/Kept-epodaxjxwtzzpkappqnvuufzksrb/Build/Products/Debug-iphonesimulator -Isystem /Applications/Xcode_26.3.app/Contents/Developer/Platforms/iPhoneSimulator.platform/Developer/usr/lib -F /Users/runner/Library/Developer/Xcode/DerivedData/Kept-epodaxjxwtzzpkappqnvuufzksrb/Build/Products/Debug-iphonesimulator -F /Applications/Xcode_26.3.app/Contents/Developer/Platforms/iPhoneSimulator.platform/Developer/Library/Frameworks -F /Applications/Xcode_26.3.app/Contents/Developer/Platforms/iPhoneSimulator.platform/Developer/SDKs/iPhoneSimulator26.2.sdk/Developer/Library/Frameworks -parse-as-library -c -j3 -enable-batch-mode -incremental -Xcc -ivfsstatcache -Xcc /Users/runner/Library/Developer/Xcode/DerivedData/SDKStatCaches.noindex/iphonesimulator26.2-23C57-dc75598d0054f22ec865fa860f139d72e244bd9a5feaf902f95f61bf06266e52.sdkstatcache -output-file-map /Users/runner/Library/Developer/Xcode/DerivedData/Kept-epodaxjxwtzzpkappqnvuufzksrb/Build/Intermediates.noindex/Kept.build/Debug-iphonesimulator/KeptUITests.build/Objects-normal/arm64/KeptUITests-OutputFileMap.json -use-frontend-parseable-output -save-temps -no-color-diagnostics -explicit-module-build -module-cache-path /Users/runner/Library/Developer/Xcode/DerivedData/Kept-epodaxjxwtzzpkappqnvuufzksrb/Build/Intermediates.noindex/SwiftExplicitPrecompiledModules -clang-scanner-module-cache-path /Users/runner/Library/Developer/Xcode/DerivedData/ModuleCache.noindex -sdk-module-cache-path /Users/runner/Library/Developer/Xcode/DerivedData/ModuleCache.noindex -serialize-diagnostics -emit-dependencies -emit-module -emit-module-path /Users/runner/Library/Developer/Xcode/DerivedData/Kept-epodaxjxwtzzpkappqnvuufzksrb/Build/Intermediates.noindex/Kept.build/Debug-iphonesimulator/KeptUITests.build/Objects-normal/arm64/KeptUITests.swiftmodule -validate-clang-modules-once -clang-build-session-file /Users/runner/Library/Developer/Xcode/DerivedData/ModuleCache.noindex/Session.modulevalidation -Xcc -I/Users/runner/Library/Developer/Xcode/DerivedData/Kept-epodaxjxwtzzpkappqnvuufzksrb/Build/Intermediates.noindex/Kept.build/Debug-iphonesimulator/KeptUITests.build/swift-overrides.hmap -emit-const-values -Xfrontend -const-gather-protocols-file -Xfrontend /Users/runner/Library/Developer/Xcode/DerivedData/Kept-epodaxjxwtzzpkappqnvuufzksrb/Build/Intermediates.noindex/Kept.build/Debug-iphonesimulator/KeptUITests.build/Objects-normal/arm64/KeptUITests_const_extract_protocols.json -Xcc -iquote -Xcc /Users/runner/Library/Developer/Xcode/DerivedData/Kept-epodaxjxwtzzpkappqnvuufzksrb/Build/Intermediates.noindex/Kept.build/Debug-iphonesimulator/KeptUITests.build/KeptUITests-generated-files.hmap -Xcc -I/Users/runner/Library/Developer/Xcode/DerivedData/Kept-epodaxjxwtzzpkappqnvuufzksrb/Build/Intermediates.noindex/Kept.build/Debug-iphonesimulator/KeptUITests.build/KeptUITests-own-target-headers.hmap -Xcc -I/Users/runner/Library/Developer/Xcode/DerivedData/Kept-epodaxjxwtzzpkappqnvuufzksrb/Build/Intermediates.noindex/Kept.build/Debug-iphonesimulator/KeptUITests.build/KeptUITests-all-target-headers.hmap -Xcc -iquote -Xcc /Users/runner/Library/Developer/Xcode/DerivedData/Kept-epodaxjxwtzzpkappqnvuufzksrb/Build/Intermediates.noindex/Kept.build/Debug-iphonesimulator/KeptUITests.build/KeptUITests-project-headers.hmap -Xcc -I/Users/runner/Library/Developer/Xcode/DerivedData/Kept-epodaxjxwtzzpkappqnvuufzksrb/Build/Products/Debug-iphonesimulator/include -Xcc -I/Users/runner/Library/Developer/Xcode/DerivedData/Kept-epodaxjxwtzzpkappqnvuufzksrb/Build/Intermediates.noindex/Kept.build/Debug-iphonesimulator/KeptUITests.build/DerivedSources-normal/arm64 -Xcc -I/Users/runner/Library/Developer/Xcode/DerivedData/Kept-epodaxjxwtzzpkappqnvuufzksrb/Build/Intermediates.noindex/Kept.build/Debug-iphonesimulator/KeptUITests.build/DerivedSources/arm64 -Xcc -I/Users/runner/Library/Developer/Xcode/DerivedData/Kept-epodaxjxwtzzpkappqnvuufzksrb/Build/Intermediates.noindex/Kept.build/Debug-iphonesimulator/KeptUITests.build/DerivedSources -Xcc -DDEBUG\=1 -emit-objc-header -emit-objc-header-path /Users/runner/Library/Developer/Xcode/DerivedData/Kept-epodaxjxwtzzpkappqnvuufzksrb/Build/Intermediates.noindex/Kept.build/Debug-iphonesimulator/KeptUITests.build/Objects-normal/arm64/KeptUITests-Swift.h -working-directory /Users/runner/work/Appsales/Appsales -experimental-emit-module-separately -disable-cmo

SwiftEmitModule normal arm64 Emitting\ module\ for\ KeptTests (in target 'KeptTests' from project 'Kept')

EmitSwiftModule normal arm64 (in target 'KeptTests' from project 'Kept')
    cd /Users/runner/work/Appsales/Appsales
    

SwiftDriverJobDiscovery normal arm64 Emitting module for KeptTests (in target 'KeptTests' from project 'Kept')

SwiftMergeGeneratedHeaders /Users/runner/Library/Developer/Xcode/DerivedData/Kept-epodaxjxwtzzpkappqnvuufzksrb/Build/Intermediates.noindex/Kept.build/Debug-iphonesimulator/KeptUITests.build/DerivedSources/KeptUITests-Swift.h /Users/runner/Library/Developer/Xcode/DerivedData/Kept-epodaxjxwtzzpkappqnvuufzksrb/Build/Intermediates.noindex/Kept.build/Debug-iphonesimulator/KeptUITests.build/Objects-normal/arm64/KeptUITests-Swift.h (in target 'KeptUITests' from project 'Kept')
    cd /Users/runner/work/Appsales/Appsales
    builtin-swiftHeaderTool -arch arm64 /Users/runner/Library/Developer/Xcode/DerivedData/Kept-epodaxjxwtzzpkappqnvuufzksrb/Build/Intermediates.noindex/Kept.build/Debug-iphonesimulator/KeptUITests.build/Objects-normal/arm64/KeptUITests-Swift.h -o /Users/runner/Library/Developer/Xcode/DerivedData/Kept-epodaxjxwtzzpkappqnvuufzksrb/Build/Intermediates.noindex/Kept.build/Debug-iphonesimulator/KeptUITests.build/DerivedSources/KeptUITests-Swift.h

Copy /Users/runner/Library/Developer/Xcode/DerivedData/Kept-epodaxjxwtzzpkappqnvuufzksrb/Build/Products/Debug-iphonesimulator/KeptUITests.swiftmodule/arm64-apple-ios-simulator.swiftmodule /Users/runner/Library/Developer/Xcode/DerivedData/Kept-epodaxjxwtzzpkappqnvuufzksrb/Build/Intermediates.noindex/Kept.build/Debug-iphonesimulator/KeptUITests.build/Objects-normal/arm64/KeptUITests.swiftmodule (in target 'KeptUITests' from project 'Kept')
    cd /Users/runner/work/Appsales/Appsales
    builtin-copy -exclude .DS_Store -exclude CVS -exclude .svn -exclude .git -exclude .hg -resolve-src-symlinks -rename /Users/runner/Library/Developer/Xcode/DerivedData/Kept-epodaxjxwtzzpkappqnvuufzksrb/Build/Intermediates.noindex/Kept.build/Debug-iphonesimulator/KeptUITests.build/Objects-normal/arm64/KeptUITests.swiftmodule /Users/runner/Library/Developer/Xcode/DerivedData/Kept-epodaxjxwtzzpkappqnvuufzksrb/Build/Products/Debug-iphonesimulator/KeptUITests.swiftmodule/arm64-apple-ios-simulator.swiftmodule

Copy /Users/runner/Library/Developer/Xcode/DerivedData/Kept-epodaxjxwtzzpkappqnvuufzksrb/Build/Products/Debug-iphonesimulator/KeptUITests.swiftmodule/arm64-apple-ios-simulator.swiftdoc /Users/runner/Library/Developer/Xcode/DerivedData/Kept-epodaxjxwtzzpkappqnvuufzksrb/Build/Intermediates.noindex/Kept.build/Debug-iphonesimulator/KeptUITests.build/Objects-normal/arm64/KeptUITests.swiftdoc (in target 'KeptUITests' from project 'Kept')
    cd /Users/runner/work/Appsales/Appsales
    builtin-copy -exclude .DS_Store -exclude CVS -exclude .svn -exclude .git -exclude .hg -resolve-src-symlinks -rename /Users/runner/Library/Developer/Xcode/DerivedData/Kept-epodaxjxwtzzpkappqnvuufzksrb/Build/Intermediates.noindex/Kept.build/Debug-iphonesimulator/KeptUITests.build/Objects-normal/arm64/KeptUITests.swiftdoc /Users/runner/Library/Developer/Xcode/DerivedData/Kept-epodaxjxwtzzpkappqnvuufzksrb/Build/Products/Debug-iphonesimulator/KeptUITests.swiftmodule/arm64-apple-ios-simulator.swiftdoc

Copy /Users/runner/Library/Developer/Xcode/DerivedData/Kept-epodaxjxwtzzpkappqnvuufzksrb/Build/Products/Debug-iphonesimulator/KeptUITests.swiftmodule/arm64-apple-ios-simulator.abi.json /Users/runner/Library/Developer/Xcode/DerivedData/Kept-epodaxjxwtzzpkappqnvuufzksrb/Build/Intermediates.noindex/Kept.build/Debug-iphonesimulator/KeptUITests.build/Objects-normal/arm64/KeptUITests.abi.json (in target 'KeptUITests' from project 'Kept')
    cd /Users/runner/work/Appsales/Appsales
    builtin-copy -exclude .DS_Store -exclude CVS -exclude .svn -exclude .git -exclude .hg -resolve-src-symlinks -rename /Users/runner/Library/Developer/Xcode/DerivedData/Kept-epodaxjxwtzzpkappqnvuufzksrb/Build/Intermediates.noindex/Kept.build/Debug-iphonesimulator/KeptUITests.build/Objects-normal/arm64/KeptUITests.abi.json /Users/runner/Library/Developer/Xcode/DerivedData/Kept-epodaxjxwtzzpkappqnvuufzksrb/Build/Products/Debug-iphonesimulator/KeptUITests.swiftmodule/arm64-apple-ios-simulator.abi.json

Copy /Users/runner/Library/Developer/Xcode/DerivedData/Kept-epodaxjxwtzzpkappqnvuufzksrb/Build/Products/Debug-iphonesimulator/KeptUITests.swiftmodule/Project/arm64-apple-ios-simulator.swiftsourceinfo /Users/runner/Library/Developer/Xcode/DerivedData/Kept-epodaxjxwtzzpkappqnvuufzksrb/Build/Intermediates.noindex/Kept.build/Debug-iphonesimulator/KeptUITests.build/Objects-normal/arm64/KeptUITests.swiftsourceinfo (in target 'KeptUITests' from project 'Kept')
    cd /Users/runner/work/Appsales/Appsales
    builtin-copy -exclude .DS_Store -exclude CVS -exclude .svn -exclude .git -exclude .hg -resolve-src-symlinks -rename /Users/runner/Library/Developer/Xcode/DerivedData/Kept-epodaxjxwtzzpkappqnvuufzksrb/Build/Intermediates.noindex/Kept.build/Debug-iphonesimulator/KeptUITests.build/Objects-normal/arm64/KeptUITests.swiftsourceinfo /Users/runner/Library/Developer/Xcode/DerivedData/Kept-epodaxjxwtzzpkappqnvuufzksrb/Build/Products/Debug-iphonesimulator/KeptUITests.swiftmodule/Project/arm64-apple-ios-simulator.swiftsourceinfo

SwiftDriver\ Compilation\ Requirements KeptTests normal arm64 com.apple.xcode.tools.swift.compiler (in target 'KeptTests' from project 'Kept')
    cd /Users/runner/work/Appsales/Appsales
    builtin-Swift-Compilation-Requirements -- /Applications/Xcode_26.3.app/Contents/Developer/Toolchains/XcodeDefault.xctoolchain/usr/bin/swiftc -module-name KeptTests -Onone -enforce-exclusivity\=checked @/Users/runner/Library/Developer/Xcode/DerivedData/Kept-epodaxjxwtzzpkappqnvuufzksrb/Build/Intermediates.noindex/Kept.build/Debug-iphonesimulator/KeptTests.build/Objects-normal/arm64/KeptTests.SwiftFileList -DDEBUG -plugin-path /Applications/Xcode_26.3.app/Contents/Developer/Toolchains/XcodeDefault.xctoolchain/usr/lib/swift/host/plugins/testing -enable-bare-slash-regex -enable-experimental-feature DebugDescriptionMacro -sdk /Applications/Xcode_26.3.app/Contents/Developer/Platforms/iPhoneSimulator.platform/Developer/SDKs/iPhoneSimulator26.2.sdk -target arm64-apple-ios17.0-simulator -g -module-cache-path /Users/runner/Library/Developer/Xcode/DerivedData/ModuleCache.noindex -Xfrontend -serialize-debugging-options -enable-testing -index-store-path /Users/runner/Library/Developer/Xcode/DerivedData/Kept-epodaxjxwtzzpkappqnvuufzksrb/Index.noindex/DataStore -Xcc -D_LIBCPP_HARDENING_MODE\=_LIBCPP_HARDENING_MODE_DEBUG -swift-version 5 -I /Users/runner/Library/Developer/Xcode/DerivedData/Kept-epodaxjxwtzzpkappqnvuufzksrb/Build/Products/Debug-iphonesimulator -Isystem /Applications/Xcode_26.3.app/Contents/Developer/Platforms/iPhoneSimulator.platform/Developer/usr/lib -F /Users/runner/Library/Developer/Xcode/DerivedData/Kept-epodaxjxwtzzpkappqnvuufzksrb/Build/Products/Debug-iphonesimulator -F /Applications/Xcode_26.3.app/Contents/Developer/Platforms/iPhoneSimulator.platform/Developer/Library/Frameworks -F /Applications/Xcode_26.3.app/Contents/Developer/Platforms/iPhoneSimulator.platform/Developer/SDKs/iPhoneSimulator26.2.sdk/Developer/Library/Frameworks -c -j3 -enable-batch-mode -incremental -Xcc -ivfsstatcache -Xcc /Users/runner/Library/Developer/Xcode/DerivedData/SDKStatCaches.noindex/iphonesimulator26.2-23C57-dc75598d0054f22ec865fa860f139d72e244bd9a5feaf902f95f61bf06266e52.sdkstatcache -output-file-map /Users/runner/Library/Developer/Xcode/DerivedData/Kept-epodaxjxwtzzpkappqnvuufzksrb/Build/Intermediates.noindex/Kept.build/Debug-iphonesimulator/KeptTests.build/Objects-normal/arm64/KeptTests-OutputFileMap.json -use-frontend-parseable-output -save-temps -no-color-diagnostics -explicit-module-build -module-cache-path /Users/runner/Library/Developer/Xcode/DerivedData/Kept-epodaxjxwtzzpkappqnvuufzksrb/Build/Intermediates.noindex/SwiftExplicitPrecompiledModules -clang-scanner-module-cache-path /Users/runner/Library/Developer/Xcode/DerivedData/ModuleCache.noindex -sdk-module-cache-path /Users/runner/Library/Developer/Xcode/DerivedData/ModuleCache.noindex -serialize-diagnostics -emit-dependencies -emit-module -emit-module-path /Users/runner/Library/Developer/Xcode/DerivedData/Kept-epodaxjxwtzzpkappqnvuufzksrb/Build/Intermediates.noindex/Kept.build/Debug-iphonesimulator/KeptTests.build/Objects-normal/arm64/KeptTests.swiftmodule -validate-clang-modules-once -clang-build-session-file /Users/runner/Library/Developer/Xcode/DerivedData/ModuleCache.noindex/Session.modulevalidation -Xcc -I/Users/runner/Library/Developer/Xcode/DerivedData/Kept-epodaxjxwtzzpkappqnvuufzksrb/Build/Intermediates.noindex/Kept.build/Debug-iphonesimulator/KeptTests.build/swift-overrides.hmap -emit-const-values -Xfrontend -const-gather-protocols-file -Xfrontend /Users/runner/Library/Developer/Xcode/DerivedData/Kept-epodaxjxwtzzpkappqnvuufzksrb/Build/Intermediates.noindex/Kept.build/Debug-iphonesimulator/KeptTests.build/Objects-normal/arm64/KeptTests_const_extract_protocols.json -Xcc -iquote -Xcc /Users/runner/Library/Developer/Xcode/DerivedData/Kept-epodaxjxwtzzpkappqnvuufzksrb/Build/Intermediates.noindex/Kept.build/Debug-iphonesimulator/KeptTests.build/KeptTests-generated-files.hmap -Xcc -I/Users/runner/Library/Developer/Xcode/DerivedData/Kept-epodaxjxwtzzpkappqnvuufzksrb/Build/Intermediates.noindex/Kept.build/Debug-iphonesimulator/KeptTests.build/KeptTests-own-target-headers.hmap -Xcc -I/Users/runner/Library/Developer/Xcode/DerivedData/Kept-epodaxjxwtzzpkappqnvuufzksrb/Build/Intermediates.noindex/Kept.build/Debug-iphonesimulator/KeptTests.build/KeptTests-all-target-headers.hmap -Xcc -iquote -Xcc /Users/runner/Library/Developer/Xcode/DerivedData/Kept-epodaxjxwtzzpkappqnvuufzksrb/Build/Intermediates.noindex/Kept.build/Debug-iphonesimulator/KeptTests.build/KeptTests-project-headers.hmap -Xcc -I/Users/runner/Library/Developer/Xcode/DerivedData/Kept-epodaxjxwtzzpkappqnvuufzksrb/Build/Products/Debug-iphonesimulator/include -Xcc -I/Users/runner/Library/Developer/Xcode/DerivedData/Kept-epodaxjxwtzzpkappqnvuufzksrb/Build/Intermediates.noindex/Kept.build/Debug-iphonesimulator/KeptTests.build/DerivedSources-normal/arm64 -Xcc -I/Users/runner/Library/Developer/Xcode/DerivedData/Kept-epodaxjxwtzzpkappqnvuufzksrb/Build/Intermediates.noindex/Kept.build/Debug-iphonesimulator/KeptTests.build/DerivedSources/arm64 -Xcc -I/Users/runner/Library/Developer/Xcode/DerivedData/Kept-epodaxjxwtzzpkappqnvuufzksrb/Build/Intermediates.noindex/Kept.build/Debug-iphonesimulator/KeptTests.build/DerivedSources -Xcc -DDEBUG\=1 -emit-objc-header -emit-objc-header-path /Users/runner/Library/Developer/Xcode/DerivedData/Kept-epodaxjxwtzzpkappqnvuufzksrb/Build/Intermediates.noindex/Kept.build/Debug-iphonesimulator/KeptTests.build/Objects-normal/arm64/KeptTests-Swift.h -working-directory /Users/runner/work/Appsales/Appsales -experimental-emit-module-separately -disable-cmo

SwiftMergeGeneratedHeaders /Users/runner/Library/Developer/Xcode/DerivedData/Kept-epodaxjxwtzzpkappqnvuufzksrb/Build/Intermediates.noindex/Kept.build/Debug-iphonesimulator/KeptTests.build/DerivedSources/KeptTests-Swift.h /Users/runner/Library/Developer/Xcode/DerivedData/Kept-epodaxjxwtzzpkappqnvuufzksrb/Build/Intermediates.noindex/Kept.build/Debug-iphonesimulator/KeptTests.build/Objects-normal/arm64/KeptTests-Swift.h (in target 'KeptTests' from project 'Kept')
    cd /Users/runner/work/Appsales/Appsales
    builtin-swiftHeaderTool -arch arm64 /Users/runner/Library/Developer/Xcode/DerivedData/Kept-epodaxjxwtzzpkappqnvuufzksrb/Build/Intermediates.noindex/Kept.build/Debug-iphonesimulator/KeptTests.build/Objects-normal/arm64/KeptTests-Swift.h -o /Users/runner/Library/Developer/Xcode/DerivedData/Kept-epodaxjxwtzzpkappqnvuufzksrb/Build/Intermediates.noindex/Kept.build/Debug-iphonesimulator/KeptTests.build/DerivedSources/KeptTests-Swift.h

Copy /Users/runner/Library/Developer/Xcode/DerivedData/Kept-epodaxjxwtzzpkappqnvuufzksrb/Build/Products/Debug-iphonesimulator/KeptTests.swiftmodule/arm64-apple-ios-simulator.swiftmodule /Users/runner/Library/Developer/Xcode/DerivedData/Kept-epodaxjxwtzzpkappqnvuufzksrb/Build/Intermediates.noindex/Kept.build/Debug-iphonesimulator/KeptTests.build/Objects-normal/arm64/KeptTests.swiftmodule (in target 'KeptTests' from project 'Kept')
    cd /Users/runner/work/Appsales/Appsales
    builtin-copy -exclude .DS_Store -exclude CVS -exclude .svn -exclude .git -exclude .hg -resolve-src-symlinks -rename /Users/runner/Library/Developer/Xcode/DerivedData/Kept-epodaxjxwtzzpkappqnvuufzksrb/Build/Intermediates.noindex/Kept.build/Debug-iphonesimulator/KeptTests.build/Objects-normal/arm64/KeptTests.swiftmodule /Users/runner/Library/Developer/Xcode/DerivedData/Kept-epodaxjxwtzzpkappqnvuufzksrb/Build/Products/Debug-iphonesimulator/KeptTests.swiftmodule/arm64-apple-ios-simulator.swiftmodule

Copy /Users/runner/Library/Developer/Xcode/DerivedData/Kept-epodaxjxwtzzpkappqnvuufzksrb/Build/Products/Debug-iphonesimulator/KeptTests.swiftmodule/arm64-apple-ios-simulator.swiftdoc /Users/runner/Library/Developer/Xcode/DerivedData/Kept-epodaxjxwtzzpkappqnvuufzksrb/Build/Intermediates.noindex/Kept.build/Debug-iphonesimulator/KeptTests.build/Objects-normal/arm64/KeptTests.swiftdoc (in target 'KeptTests' from project 'Kept')
    cd /Users/runner/work/Appsales/Appsales
    builtin-copy -exclude .DS_Store -exclude CVS -exclude .svn -exclude .git -exclude .hg -resolve-src-symlinks -rename /Users/runner/Library/Developer/Xcode/DerivedData/Kept-epodaxjxwtzzpkappqnvuufzksrb/Build/Intermediates.noindex/Kept.build/Debug-iphonesimulator/KeptTests.build/Objects-normal/arm64/KeptTests.swiftdoc /Users/runner/Library/Developer/Xcode/DerivedData/Kept-epodaxjxwtzzpkappqnvuufzksrb/Build/Products/Debug-iphonesimulator/KeptTests.swiftmodule/arm64-apple-ios-simulator.swiftdoc

Copy /Users/runner/Library/Developer/Xcode/DerivedData/Kept-epodaxjxwtzzpkappqnvuufzksrb/Build/Products/Debug-iphonesimulator/KeptTests.swiftmodule/arm64-apple-ios-simulator.abi.json /Users/runner/Library/Developer/Xcode/DerivedData/Kept-epodaxjxwtzzpkappqnvuufzksrb/Build/Intermediates.noindex/Kept.build/Debug-iphonesimulator/KeptTests.build/Objects-normal/arm64/KeptTests.abi.json (in target 'KeptTests' from project 'Kept')
    cd /Users/runner/work/Appsales/Appsales
    builtin-copy -exclude .DS_Store -exclude CVS -exclude .svn -exclude .git -exclude .hg -resolve-src-symlinks -rename /Users/runner/Library/Developer/Xcode/DerivedData/Kept-epodaxjxwtzzpkappqnvuufzksrb/Build/Intermediates.noindex/Kept.build/Debug-iphonesimulator/KeptTests.build/Objects-normal/arm64/KeptTests.abi.json /Users/runner/Library/Developer/Xcode/DerivedData/Kept-epodaxjxwtzzpkappqnvuufzksrb/Build/Products/Debug-iphonesimulator/KeptTests.swiftmodule/arm64-apple-ios-simulator.abi.json

Copy /Users/runner/Library/Developer/Xcode/DerivedData/Kept-epodaxjxwtzzpkappqnvuufzksrb/Build/Products/Debug-iphonesimulator/KeptTests.swiftmodule/Project/arm64-apple-ios-simulator.swiftsourceinfo /Users/runner/Library/Developer/Xcode/DerivedData/Kept-epodaxjxwtzzpkappqnvuufzksrb/Build/Intermediates.noindex/Kept.build/Debug-iphonesimulator/KeptTests.build/Objects-normal/arm64/KeptTests.swiftsourceinfo (in target 'KeptTests' from project 'Kept')
    cd /Users/runner/work/Appsales/Appsales
    builtin-copy -exclude .DS_Store -exclude CVS -exclude .svn -exclude .git -exclude .hg -resolve-src-symlinks -rename /Users/runner/Library/Developer/Xcode/DerivedData/Kept-epodaxjxwtzzpkappqnvuufzksrb/Build/Intermediates.noindex/Kept.build/Debug-iphonesimulator/KeptTests.build/Objects-normal/arm64/KeptTests.swiftsourceinfo /Users/runner/Library/Developer/Xcode/DerivedData/Kept-epodaxjxwtzzpkappqnvuufzksrb/Build/Products/Debug-iphonesimulator/KeptTests.swiftmodule/Project/arm64-apple-ios-simulator.swiftsourceinfo

SwiftCompile normal arm64 Compiling\ ReminderPlannerTests.swift,\ ReviewPromptTests.swift,\ SpeechSplitterTests.swift,\ StreakCalculatorTests.swift,\ TestSupport.swift,\ UnlockPolicyTests.swift /Users/runner/work/Appsales/Appsales/KeptTests/ReminderPlannerTests.swift /Users/runner/work/Appsales/Appsales/KeptTests/ReviewPromptTests.swift /Users/runner/work/Appsales/Appsales/KeptTests/SpeechSplitterTests.swift /Users/runner/work/Appsales/Appsales/KeptTests/StreakCalculatorTests.swift /Users/runner/work/Appsales/Appsales/KeptTests/TestSupport.swift /Users/runner/work/Appsales/Appsales/KeptTests/UnlockPolicyTests.swift (in target 'KeptTests' from project 'Kept')
SwiftCompile normal arm64 /Users/runner/work/Appsales/Appsales/KeptTests/ReminderPlannerTests.swift (in target 'KeptTests' from project 'Kept')
    cd /Users/runner/work/Appsales/Appsales
    

SwiftCompile normal arm64 /Users/runner/work/Appsales/Appsales/KeptTests/ReviewPromptTests.swift (in target 'KeptTests' from project 'Kept')
    cd /Users/runner/work/Appsales/Appsales
    

SwiftCompile normal arm64 /Users/runner/work/Appsales/Appsales/KeptTests/SpeechSplitterTests.swift (in target 'KeptTests' from project 'Kept')
    cd /Users/runner/work/Appsales/Appsales
    

SwiftCompile normal arm64 /Users/runner/work/Appsales/Appsales/KeptTests/StreakCalculatorTests.swift (in target 'KeptTests' from project 'Kept')
    cd /Users/runner/work/Appsales/Appsales
    

SwiftCompile normal arm64 /Users/runner/work/Appsales/Appsales/KeptTests/TestSupport.swift (in target 'KeptTests' from project 'Kept')
    cd /Users/runner/work/Appsales/Appsales
    

SwiftCompile normal arm64 /Users/runner/work/Appsales/Appsales/KeptTests/UnlockPolicyTests.swift (in target 'KeptTests' from project 'Kept')
    cd /Users/runner/work/Appsales/Appsales
    

SwiftDriverJobDiscovery normal arm64 Compiling UserJourneyTests.swift (in target 'KeptUITests' from project 'Kept')

SwiftCompile normal arm64 Compiling\ HabitFileStoreTests.swift,\ HabitStoreTests.swift,\ HealthDayTests.swift,\ LabelParserTests.swift,\ LogEntryTests.swift,\ LogFileStoreTests.swift,\ LogInsightsTests.swift /Users/runner/work/Appsales/Appsales/KeptTests/HabitFileStoreTests.swift /Users/runner/work/Appsales/Appsales/KeptTests/HabitStoreTests.swift /Users/runner/work/Appsales/Appsales/KeptTests/HealthDayTests.swift /Users/runner/work/Appsales/Appsales/KeptTests/LabelParserTests.swift /Users/runner/work/Appsales/Appsales/KeptTests/LogEntryTests.swift /Users/runner/work/Appsales/Appsales/KeptTests/LogFileStoreTests.swift /Users/runner/work/Appsales/Appsales/KeptTests/LogInsightsTests.swift (in target 'KeptTests' from project 'Kept')
SwiftCompile normal arm64 /Users/runner/work/Appsales/Appsales/KeptTests/HabitFileStoreTests.swift (in target 'KeptTests' from project 'Kept')
    cd /Users/runner/work/Appsales/Appsales
    

SwiftCompile normal arm64 /Users/runner/work/Appsales/Appsales/KeptTests/HabitStoreTests.swift (in target 'KeptTests' from project 'Kept')
    cd /Users/runner/work/Appsales/Appsales
    

SwiftCompile normal arm64 /Users/runner/work/Appsales/Appsales/KeptTests/HealthDayTests.swift (in target 'KeptTests' from project 'Kept')
    cd /Users/runner/work/Appsales/Appsales
    

SwiftCompile normal arm64 /Users/runner/work/Appsales/Appsales/KeptTests/LabelParserTests.swift (in target 'KeptTests' from project 'Kept')
    cd /Users/runner/work/Appsales/Appsales
    

SwiftCompile normal arm64 /Users/runner/work/Appsales/Appsales/KeptTests/LogEntryTests.swift (in target 'KeptTests' from project 'Kept')
    cd /Users/runner/work/Appsales/Appsales
    

SwiftCompile normal arm64 /Users/runner/work/Appsales/Appsales/KeptTests/LogFileStoreTests.swift (in target 'KeptTests' from project 'Kept')
    cd /Users/runner/work/Appsales/Appsales
    

SwiftCompile normal arm64 /Users/runner/work/Appsales/Appsales/KeptTests/LogInsightsTests.swift (in target 'KeptTests' from project 'Kept')
    cd /Users/runner/work/Appsales/Appsales
    

SwiftDriver\ Compilation KeptUITests normal arm64 com.apple.xcode.tools.swift.compiler (in target 'KeptUITests' from project 'Kept')
    cd /Users/runner/work/Appsales/Appsales
    builtin-Swift-Compilation -- /Applications/Xcode_26.3.app/Contents/Developer/Toolchains/XcodeDefault.xctoolchain/usr/bin/swiftc -module-name KeptUITests -Onone -enforce-exclusivity\=checked @/Users/runner/Library/Developer/Xcode/DerivedData/Kept-epodaxjxwtzzpkappqnvuufzksrb/Build/Intermediates.noindex/Kept.build/Debug-iphonesimulator/KeptUITests.build/Objects-normal/arm64/KeptUITests.SwiftFileList -DDEBUG -module-alias Testing\=_Testing_Unavailable -plugin-path /Applications/Xcode_26.3.app/Contents/Developer/Toolchains/XcodeDefault.xctoolchain/usr/lib/swift/host/plugins/testing -enable-bare-slash-regex -enable-experimental-feature DebugDescriptionMacro -sdk /Applications/Xcode_26.3.app/Contents/Developer/Platforms/iPhoneSimulator.platform/Developer/SDKs/iPhoneSimulator26.2.sdk -target arm64-apple-ios17.0-simulator -g -module-cache-path /Users/runner/Library/Developer/Xcode/DerivedData/ModuleCache.noindex -Xfrontend -serialize-debugging-options -enable-testing -index-store-path /Users/runner/Library/Developer/Xcode/DerivedData/Kept-epodaxjxwtzzpkappqnvuufzksrb/Index.noindex/DataStore -Xcc -D_LIBCPP_HARDENING_MODE\=_LIBCPP_HARDENING_MODE_DEBUG -swift-version 5 -I /Users/runner/Library/Developer/Xcode/DerivedData/Kept-epodaxjxwtzzpkappqnvuufzksrb/Build/Products/Debug-iphonesimulator -Isystem /Applications/Xcode_26.3.app/Contents/Developer/Platforms/iPhoneSimulator.platform/Developer/usr/lib -F /Users/runner/Library/Developer/Xcode/DerivedData/Kept-epodaxjxwtzzpkappqnvuufzksrb/Build/Products/Debug-iphonesimulator -F /Applications/Xcode_26.3.app/Contents/Developer/Platforms/iPhoneSimulator.platform/Developer/Library/Frameworks -F /Applications/Xcode_26.3.app/Contents/Developer/Platforms/iPhoneSimulator.platform/Developer/SDKs/iPhoneSimulator26.2.sdk/Developer/Library/Frameworks -parse-as-library -c -j3 -enable-batch-mode -incremental -Xcc -ivfsstatcache -Xcc /Users/runner/Library/Developer/Xcode/DerivedData/SDKStatCaches.noindex/iphonesimulator26.2-23C57-dc75598d0054f22ec865fa860f139d72e244bd9a5feaf902f95f61bf06266e52.sdkstatcache -output-file-map /Users/runner/Library/Developer/Xcode/DerivedData/Kept-epodaxjxwtzzpkappqnvuufzksrb/Build/Intermediates.noindex/Kept.build/Debug-iphonesimulator/KeptUITests.build/Objects-normal/arm64/KeptUITests-OutputFileMap.json -use-frontend-parseable-output -save-temps -no-color-diagnostics -explicit-module-build -module-cache-path /Users/runner/Library/Developer/Xcode/DerivedData/Kept-epodaxjxwtzzpkappqnvuufzksrb/Build/Intermediates.noindex/SwiftExplicitPrecompiledModules -clang-scanner-module-cache-path /Users/runner/Library/Developer/Xcode/DerivedData/ModuleCache.noindex -sdk-module-cache-path /Users/runner/Library/Developer/Xcode/DerivedData/ModuleCache.noindex -serialize-diagnostics -emit-dependencies -emit-module -emit-module-path /Users/runner/Library/Developer/Xcode/DerivedData/Kept-epodaxjxwtzzpkappqnvuufzksrb/Build/Intermediates.noindex/Kept.build/Debug-iphonesimulator/KeptUITests.build/Objects-normal/arm64/KeptUITests.swiftmodule -validate-clang-modules-once -clang-build-session-file /Users/runner/Library/Developer/Xcode/DerivedData/ModuleCache.noindex/Session.modulevalidation -Xcc -I/Users/runner/Library/Developer/Xcode/DerivedData/Kept-epodaxjxwtzzpkappqnvuufzksrb/Build/Intermediates.noindex/Kept.build/Debug-iphonesimulator/KeptUITests.build/swift-overrides.hmap -emit-const-values -Xfrontend -const-gather-protocols-file -Xfrontend /Users/runner/Library/Developer/Xcode/DerivedData/Kept-epodaxjxwtzzpkappqnvuufzksrb/Build/Intermediates.noindex/Kept.build/Debug-iphonesimulator/KeptUITests.build/Objects-normal/arm64/KeptUITests_const_extract_protocols.json -Xcc -iquote -Xcc /Users/runner/Library/Developer/Xcode/DerivedData/Kept-epodaxjxwtzzpkappqnvuufzksrb/Build/Intermediates.noindex/Kept.build/Debug-iphonesimulator/KeptUITests.build/KeptUITests-generated-files.hmap -Xcc -I/Users/runner/Library/Developer/Xcode/DerivedData/Kept-epodaxjxwtzzpkappqnvuufzksrb/Build/Intermediates.noindex/Kept.build/Debug-iphonesimulator/KeptUITests.build/KeptUITests-own-target-headers.hmap -Xcc -I/Users/runner/Library/Developer/Xcode/DerivedData/Kept-epodaxjxwtzzpkappqnvuufzksrb/Build/Intermediates.noindex/Kept.build/Debug-iphonesimulator/KeptUITests.build/KeptUITests-all-target-headers.hmap -Xcc -iquote -Xcc /Users/runner/Library/Developer/Xcode/DerivedData/Kept-epodaxjxwtzzpkappqnvuufzksrb/Build/Intermediates.noindex/Kept.build/Debug-iphonesimulator/KeptUITests.build/KeptUITests-project-headers.hmap -Xcc -I/Users/runner/Library/Developer/Xcode/DerivedData/Kept-epodaxjxwtzzpkappqnvuufzksrb/Build/Products/Debug-iphonesimulator/include -Xcc -I/Users/runner/Library/Developer/Xcode/DerivedData/Kept-epodaxjxwtzzpkappqnvuufzksrb/Build/Intermediates.noindex/Kept.build/Debug-iphonesimulator/KeptUITests.build/DerivedSources-normal/arm64 -Xcc -I/Users/runner/Library/Developer/Xcode/DerivedData/Kept-epodaxjxwtzzpkappqnvuufzksrb/Build/Intermediates.noindex/Kept.build/Debug-iphonesimulator/KeptUITests.build/DerivedSources/arm64 -Xcc -I/Users/runner/Library/Developer/Xcode/DerivedData/Kept-epodaxjxwtzzpkappqnvuufzksrb/Build/Intermediates.noindex/Kept.build/Debug-iphonesimulator/KeptUITests.build/DerivedSources -Xcc -DDEBUG\=1 -emit-objc-header -emit-objc-header-path /Users/runner/Library/Developer/Xcode/DerivedData/Kept-epodaxjxwtzzpkappqnvuufzksrb/Build/Intermediates.noindex/Kept.build/Debug-iphonesimulator/KeptUITests.build/Objects-normal/arm64/KeptUITests-Swift.h -working-directory /Users/runner/work/Appsales/Appsales -experimental-emit-module-separately -disable-cmo

SwiftDriverJobDiscovery normal arm64 Compiling AIAssistant.swift, AIExport.swift, AppGroup.swift, AskAIView.swift, BackupMerge.swift, Brand.swift, BulkEntryParser.swift, BulkEntryView.swift, CSVImport.swift, DailyEstimate.swift, DayKey.swift, DayView.swift, EstimateParser.swift, ExportDocuments.swift, Habit.swift, HabitDetailView.swift, HabitEditorView.swift, HabitFileStore.swift, HabitIntents.swift, HabitPalette.swift (in target 'Kept' from project 'Kept')

SwiftCompile normal arm64 Compiling\ AIExportTests.swift,\ BackupMergeTests.swift,\ BulkEntryParserTests.swift,\ CSVImportTests.swift,\ DayKeyTests.swift,\ EstimateParserTests.swift,\ HabitCodableTests.swift /Users/runner/work/Appsales/Appsales/KeptTests/AIExportTests.swift /Users/runner/work/Appsales/Appsales/KeptTests/BackupMergeTests.swift /Users/runner/work/Appsales/Appsales/KeptTests/BulkEntryParserTests.swift /Users/runner/work/Appsales/Appsales/KeptTests/CSVImportTests.swift /Users/runner/work/Appsales/Appsales/KeptTests/DayKeyTests.swift /Users/runner/work/Appsales/Appsales/KeptTests/EstimateParserTests.swift /Users/runner/work/Appsales/Appsales/KeptTests/HabitCodableTests.swift (in target 'KeptTests' from project 'Kept')
SwiftCompile normal arm64 /Users/runner/work/Appsales/Appsales/KeptTests/AIExportTests.swift (in target 'KeptTests' from project 'Kept')
    cd /Users/runner/work/Appsales/Appsales
    

SwiftCompile normal arm64 /Users/runner/work/Appsales/Appsales/KeptTests/BackupMergeTests.swift (in target 'KeptTests' from project 'Kept')
    cd /Users/runner/work/Appsales/Appsales
    

SwiftCompile normal arm64 /Users/runner/work/Appsales/Appsales/KeptTests/BulkEntryParserTests.swift (in target 'KeptTests' from project 'Kept')
    cd /Users/runner/work/Appsales/Appsales
    

SwiftCompile normal arm64 /Users/runner/work/Appsales/Appsales/KeptTests/CSVImportTests.swift (in target 'KeptTests' from project 'Kept')
    cd /Users/runner/work/Appsales/Appsales
    

SwiftCompile normal arm64 /Users/runner/work/Appsales/Appsales/KeptTests/DayKeyTests.swift (in target 'KeptTests' from project 'Kept')
    cd /Users/runner/work/Appsales/Appsales
    

SwiftCompile normal arm64 /Users/runner/work/Appsales/Appsales/KeptTests/EstimateParserTests.swift (in target 'KeptTests' from project 'Kept')
    cd /Users/runner/work/Appsales/Appsales
    

SwiftCompile normal arm64 /Users/runner/work/Appsales/Appsales/KeptTests/HabitCodableTests.swift (in target 'KeptTests' from project 'Kept')
    cd /Users/runner/work/Appsales/Appsales
    

SwiftDriverJobDiscovery normal arm64 Compiling ReminderPlannerTests.swift, ReviewPromptTests.swift, SpeechSplitterTests.swift, StreakCalculatorTests.swift, TestSupport.swift, UnlockPolicyTests.swift (in target 'KeptTests' from project 'Kept')

SwiftDriver\ Compilation Kept normal arm64 com.apple.xcode.tools.swift.compiler (in target 'Kept' from project 'Kept')
    cd /Users/runner/work/Appsales/Appsales
    builtin-Swift-Compilation -- /Applications/Xcode_26.3.app/Contents/Developer/Toolchains/XcodeDefault.xctoolchain/usr/bin/swiftc -module-name Kept -Onone -enforce-exclusivity\=checked @/Users/runner/Library/Developer/Xcode/DerivedData/Kept-epodaxjxwtzzpkappqnvuufzksrb/Build/Intermediates.noindex/Kept.build/Debug-iphonesimulator/Kept.build/Objects-normal/arm64/Kept.SwiftFileList -DDEBUG -enable-bare-slash-regex -enable-experimental-feature DebugDescriptionMacro -sdk /Applications/Xcode_26.3.app/Contents/Developer/Platforms/iPhoneSimulator.platform/Developer/SDKs/iPhoneSimulator26.2.sdk -target arm64-apple-ios17.0-simulator -g -module-cache-path /Users/runner/Library/Developer/Xcode/DerivedData/ModuleCache.noindex -Xfrontend -serialize-debugging-options -enable-testing -index-store-path /Users/runner/Library/Developer/Xcode/DerivedData/Kept-epodaxjxwtzzpkappqnvuufzksrb/Index.noindex/DataStore -Xcc -D_LIBCPP_HARDENING_MODE\=_LIBCPP_HARDENING_MODE_DEBUG -swift-version 5 -I /Users/runner/Library/Developer/Xcode/DerivedData/Kept-epodaxjxwtzzpkappqnvuufzksrb/Build/Products/Debug-iphonesimulator -F /Users/runner/Library/Developer/Xcode/DerivedData/Kept-epodaxjxwtzzpkappqnvuufzksrb/Build/Products/Debug-iphonesimulator -emit-localized-strings -emit-localized-strings-path /Users/runner/Library/Developer/Xcode/DerivedData/Kept-epodaxjxwtzzpkappqnvuufzksrb/Build/Intermediates.noindex/Kept.build/Debug-iphonesimulator/Kept.build/Objects-normal/arm64 -c -j3 -enable-batch-mode -incremental -Xcc -ivfsstatcache -Xcc /Users/runner/Library/Developer/Xcode/DerivedData/SDKStatCaches.noindex/iphonesimulator26.2-23C57-dc75598d0054f22ec865fa860f139d72e244bd9a5feaf902f95f61bf06266e52.sdkstatcache -output-file-map /Users/runner/Library/Developer/Xcode/DerivedData/Kept-epodaxjxwtzzpkappqnvuufzksrb/Build/Intermediates.noindex/Kept.build/Debug-iphonesimulator/Kept.build/Objects-normal/arm64/Kept-OutputFileMap.json -use-frontend-parseable-output -save-temps -no-color-diagnostics -explicit-module-build -module-cache-path /Users/runner/Library/Developer/Xcode/DerivedData/Kept-epodaxjxwtzzpkappqnvuufzksrb/Build/Intermediates.noindex/SwiftExplicitPrecompiledModules -clang-scanner-module-cache-path /Users/runner/Library/Developer/Xcode/DerivedData/ModuleCache.noindex -sdk-module-cache-path /Users/runner/Library/Developer/Xcode/DerivedData/ModuleCache.noindex -serialize-diagnostics -emit-dependencies -emit-module -emit-module-path /Users/runner/Library/Developer/Xcode/DerivedData/Kept-epodaxjxwtzzpkappqnvuufzksrb/Build/Intermediates.noindex/Kept.build/Debug-iphonesimulator/Kept.build/Objects-normal/arm64/Kept.swiftmodule -validate-clang-modules-once -clang-build-session-file /Users/runner/Library/Developer/Xcode/DerivedData/ModuleCache.noindex/Session.modulevalidation -Xcc -I/Users/runner/Library/Developer/Xcode/DerivedData/Kept-epodaxjxwtzzpkappqnvuufzksrb/Build/Intermediates.noindex/Kept.build/Debug-iphonesimulator/Kept.build/swift-overrides.hmap -emit-const-values -Xfrontend -const-gather-protocols-file -Xfrontend /Users/runner/Library/Developer/Xcode/DerivedData/Kept-epodaxjxwtzzpkappqnvuufzksrb/Build/Intermediates.noindex/Kept.build/Debug-iphonesimulator/Kept.build/Objects-normal/arm64/Kept_const_extract_protocols.json -Xcc -iquote -Xcc /Users/runner/Library/Developer/Xcode/DerivedData/Kept-epodaxjxwtzzpkappqnvuufzksrb/Build/Intermediates.noindex/Kept.build/Debug-iphonesimulator/Kept.build/Kept-generated-files.hmap -Xcc -I/Users/runner/Library/Developer/Xcode/DerivedData/Kept-epodaxjxwtzzpkappqnvuufzksrb/Build/Intermediates.noindex/Kept.build/Debug-iphonesimulator/Kept.build/Kept-own-target-headers.hmap -Xcc -I/Users/runner/Library/Developer/Xcode/DerivedData/Kept-epodaxjxwtzzpkappqnvuufzksrb/Build/Intermediates.noindex/Kept.build/Debug-iphonesimulator/Kept.build/Kept-all-target-headers.hmap -Xcc -iquote -Xcc /Users/runner/Library/Developer/Xcode/DerivedData/Kept-epodaxjxwtzzpkappqnvuufzksrb/Build/Intermediates.noindex/Kept.build/Debug-iphonesimulator/Kept.build/Kept-project-headers.hmap -Xcc -I/Users/runner/Library/Developer/Xcode/DerivedData/Kept-epodaxjxwtzzpkappqnvuufzksrb/Build/Products/Debug-iphonesimulator/include -Xcc -I/Users/runner/Library/Developer/Xcode/DerivedData/Kept-epodaxjxwtzzpkappqnvuufzksrb/Build/Intermediates.noindex/Kept.build/Debug-iphonesimulator/Kept.build/DerivedSources-normal/arm64 -Xcc -I/Users/runner/Library/Developer/Xcode/DerivedData/Kept-epodaxjxwtzzpkappqnvuufzksrb/Build/Intermediates.noindex/Kept.build/Debug-iphonesimulator/Kept.build/DerivedSources/arm64 -Xcc -I/Users/runner/Library/Developer/Xcode/DerivedData/Kept-epodaxjxwtzzpkappqnvuufzksrb/Build/Intermediates.noindex/Kept.build/Debug-iphonesimulator/Kept.build/DerivedSources -Xcc -DDEBUG\=1 -emit-objc-header -emit-objc-header-path /Users/runner/Library/Developer/Xcode/DerivedData/Kept-epodaxjxwtzzpkappqnvuufzksrb/Build/Intermediates.noindex/Kept.build/Debug-iphonesimulator/Kept.build/Objects-normal/arm64/Kept-Swift.h -working-directory /Users/runner/work/Appsales/Appsales -experimental-emit-module-separately -disable-cmo

Ld /Users/runner/Library/Developer/Xcode/DerivedData/Kept-epodaxjxwtzzpkappqnvuufzksrb/Build/Products/Debug-iphonesimulator/Kept.app/Kept.debug.dylib normal (in target 'Kept' from project 'Kept')
    cd /Users/runner/work/Appsales/Appsales
    /Applications/Xcode_26.3.app/Contents/Developer/Toolchains/XcodeDefault.xctoolchain/usr/bin/clang -Xlinker -reproducible -target arm64-apple-ios17.0-simulator -dynamiclib -isysroot /Applications/Xcode_26.3.app/Contents/Developer/Platforms/iPhoneSimulator.platform/Developer/SDKs/iPhoneSimulator26.2.sdk -O0 -L/Users/runner/Library/Developer/Xcode/DerivedData/Kept-epodaxjxwtzzpkappqnvuufzksrb/Build/Intermediates.noindex/EagerLinkingTBDs/Debug-iphonesimulator -L/Users/runner/Library/Developer/Xcode/DerivedData/Kept-epodaxjxwtzzpkappqnvuufzksrb/Build/Products/Debug-iphonesimulator -F/Users/runner/Library/Developer/Xcode/DerivedData/Kept-epodaxjxwtzzpkappqnvuufzksrb/Build/Intermediates.noindex/EagerLinkingTBDs/Debug-iphonesimulator -F/Users/runner/Library/Developer/Xcode/DerivedData/Kept-epodaxjxwtzzpkappqnvuufzksrb/Build/Products/Debug-iphonesimulator -filelist /Users/runner/Library/Developer/Xcode/DerivedData/Kept-epodaxjxwtzzpkappqnvuufzksrb/Build/Intermediates.noindex/Kept.build/Debug-iphonesimulator/Kept.build/Objects-normal/arm64/Kept.LinkFileList -install_name @rpath/Kept.debug.dylib -Xlinker -rpath -Xlinker /usr/lib/swift -Xlinker -rpath -Xlinker @executable_path/Frameworks -dead_strip -Xlinker -object_path_lto -Xlinker /Users/runner/Library/Developer/Xcode/DerivedData/Kept-epodaxjxwtzzpkappqnvuufzksrb/Build/Intermediates.noindex/Kept.build/Debug-iphonesimulator/Kept.build/Objects-normal/arm64/Kept_lto.o -rdynamic -Xlinker -no_deduplicate -Xlinker -objc_abi_version -Xlinker 2 -Xlinker -dependency_info -Xlinker /Users/runner/Library/Developer/Xcode/DerivedData/Kept-epodaxjxwtzzpkappqnvuufzksrb/Build/Intermediates.noindex/Kept.build/Debug-iphonesimulator/Kept.build/Objects-normal/arm64/Kept_dependency_info.dat -fobjc-link-runtime -L/Applications/Xcode_26.3.app/Contents/Developer/Toolchains/XcodeDefault.xctoolchain/usr/lib/swift/iphonesimulator -L/usr/lib/swift -Xlinker -add_ast_path -Xlinker /Users/runner/Library/Developer/Xcode/DerivedData/Kept-epodaxjxwtzzpkappqnvuufzksrb/Build/Intermediates.noindex/Kept.build/Debug-iphonesimulator/Kept.build/Objects-normal/arm64/Kept.swiftmodule @/Users/runner/Library/Developer/Xcode/DerivedData/Kept-epodaxjxwtzzpkappqnvuufzksrb/Build/Intermediates.noindex/Kept.build/Debug-iphonesimulator/Kept.build/Objects-normal/arm64/Kept-linker-args.resp -Xlinker -alias -Xlinker _main -Xlinker ___debug_main_executable_dylib_entry_point -o /Users/runner/Library/Developer/Xcode/DerivedData/Kept-epodaxjxwtzzpkappqnvuufzksrb/Build/Products/Debug-iphonesimulator/Kept.app/Kept.debug.dylib

SwiftDriverJobDiscovery normal arm64 Compiling HabitFileStoreTests.swift, HabitStoreTests.swift, HealthDayTests.swift, LabelParserTests.swift, LogEntryTests.swift, LogFileStoreTests.swift, LogInsightsTests.swift (in target 'KeptTests' from project 'Kept')

ConstructStubExecutorLinkFileList /Users/runner/Library/Developer/Xcode/DerivedData/Kept-epodaxjxwtzzpkappqnvuufzksrb/Build/Intermediates.noindex/Kept.build/Debug-iphonesimulator/Kept.build/Kept-ExecutorLinkFileList-normal-arm64.txt (in target 'Kept' from project 'Kept')
    cd /Users/runner/work/Appsales/Appsales
    construct-stub-executor-link-file-list /Users/runner/Library/Developer/Xcode/DerivedData/Kept-epodaxjxwtzzpkappqnvuufzksrb/Build/Products/Debug-iphonesimulator/Kept.app/Kept.debug.dylib /Applications/Xcode_26.3.app/Contents/Developer/Platforms/iPhoneSimulator.platform/Developer/usr/lib/libPreviewsJITStubExecutor_no_swift_entry_point.a /Applications/Xcode_26.3.app/Contents/Developer/Platforms/iPhoneSimulator.platform/Developer/usr/lib/libPreviewsJITStubExecutor.a --output /Users/runner/Library/Developer/Xcode/DerivedData/Kept-epodaxjxwtzzpkappqnvuufzksrb/Build/Intermediates.noindex/Kept.build/Debug-iphonesimulator/Kept.build/Kept-ExecutorLinkFileList-normal-arm64.txt
note: Using stub executor library with Swift entry point. (in target 'Kept' from project 'Kept')

Ld /Users/runner/Library/Developer/Xcode/DerivedData/Kept-epodaxjxwtzzpkappqnvuufzksrb/Build/Products/Debug-iphonesimulator/Kept.app/Kept normal (in target 'Kept' from project 'Kept')
    cd /Users/runner/work/Appsales/Appsales
    /Applications/Xcode_26.3.app/Contents/Developer/Toolchains/XcodeDefault.xctoolchain/usr/bin/clang -Xlinker -reproducible -target arm64-apple-ios17.0-simulator -isysroot /Applications/Xcode_26.3.app/Contents/Developer/Platforms/iPhoneSimulator.platform/Developer/SDKs/iPhoneSimulator26.2.sdk -O0 -L/Users/runner/Library/Developer/Xcode/DerivedData/Kept-epodaxjxwtzzpkappqnvuufzksrb/Build/Products/Debug-iphonesimulator -F/Users/runner/Library/Developer/Xcode/DerivedData/Kept-epodaxjxwtzzpkappqnvuufzksrb/Build/Products/Debug-iphonesimulator -Xlinker -rpath -Xlinker @executable_path -Xlinker -rpath -Xlinker @executable_path/Frameworks -rdynamic -Xlinker -no_deduplicate -Xlinker -objc_abi_version -Xlinker 2 -e ___debug_blank_executor_main -Xlinker -sectcreate -Xlinker __TEXT -Xlinker __debug_dylib -Xlinker /Users/runner/Library/Developer/Xcode/DerivedData/Kept-epodaxjxwtzzpkappqnvuufzksrb/Build/Intermediates.noindex/Kept.build/Debug-iphonesimulator/Kept.build/Kept-DebugDylibPath-normal-arm64.txt -Xlinker -sectcreate -Xlinker __TEXT -Xlinker __debug_instlnm -Xlinker /Users/runner/Library/Developer/Xcode/DerivedData/Kept-epodaxjxwtzzpkappqnvuufzksrb/Build/Intermediates.noindex/Kept.build/Debug-iphonesimulator/Kept.build/Kept-DebugDylibInstallName-normal-arm64.txt -Xlinker -filelist -Xlinker /Users/runner/Library/Developer/Xcode/DerivedData/Kept-epodaxjxwtzzpkappqnvuufzksrb/Build/Intermediates.noindex/Kept.build/Debug-iphonesimulator/Kept.build/Kept-ExecutorLinkFileList-normal-arm64.txt /Users/runner/Library/Developer/Xcode/DerivedData/Kept-epodaxjxwtzzpkappqnvuufzksrb/Build/Products/Debug-iphonesimulator/Kept.app/Kept.debug.dylib -o /Users/runner/Library/Developer/Xcode/DerivedData/Kept-epodaxjxwtzzpkappqnvuufzksrb/Build/Products/Debug-iphonesimulator/Kept.app/Kept

Copy /Users/runner/Library/Developer/Xcode/DerivedData/Kept-epodaxjxwtzzpkappqnvuufzksrb/Build/Products/Debug-iphonesimulator/Kept.app/PlugIns/KeptWidget.appex /Users/runner/Library/Developer/Xcode/DerivedData/Kept-epodaxjxwtzzpkappqnvuufzksrb/Build/Products/Debug-iphonesimulator/KeptWidget.appex (in target 'Kept' from project 'Kept')
    cd /Users/runner/work/Appsales/Appsales
    builtin-copy -exclude .DS_Store -exclude CVS -exclude .svn -exclude .git -exclude .hg -exclude Headers -exclude PrivateHeaders -exclude Modules -exclude \*.tbd -resolve-src-symlinks -remove-static-executable /Users/runner/Library/Developer/Xcode/DerivedData/Kept-epodaxjxwtzzpkappqnvuufzksrb/Build/Products/Debug-iphonesimulator/KeptWidget.appex /Users/runner/Library/Developer/Xcode/DerivedData/Kept-epodaxjxwtzzpkappqnvuufzksrb/Build/Products/Debug-iphonesimulator/Kept.app/PlugIns

ProcessInfoPlistFile /Users/runner/Library/Developer/Xcode/DerivedData/Kept-epodaxjxwtzzpkappqnvuufzksrb/Build/Products/Debug-iphonesimulator/Kept.app/Info.plist /Users/runner/work/Appsales/Appsales/Kept/Info.plist (in target 'Kept' from project 'Kept')
    cd /Users/runner/work/Appsales/Appsales
    builtin-infoPlistUtility /Users/runner/work/Appsales/Appsales/Kept/Info.plist -producttype com.apple.product-type.application -genpkginfo /Users/runner/Library/Developer/Xcode/DerivedData/Kept-epodaxjxwtzzpkappqnvuufzksrb/Build/Products/Debug-iphonesimulator/Kept.app/PkgInfo -expandbuildsettings -format binary -platform iphonesimulator -additionalcontentfile /Users/runner/Library/Developer/Xcode/DerivedData/Kept-epodaxjxwtzzpkappqnvuufzksrb/Build/Intermediates.noindex/Kept.build/Debug-iphonesimulator/Kept.build/assetcatalog_generated_info.plist -scanforprivacyfile /Users/runner/Library/Developer/Xcode/DerivedData/Kept-epodaxjxwtzzpkappqnvuufzksrb/Build/Products/Debug-iphonesimulator/Kept.app/PlugIns/KeptWidget.appex -o /Users/runner/Library/Developer/Xcode/DerivedData/Kept-epodaxjxwtzzpkappqnvuufzksrb/Build/Products/Debug-iphonesimulator/Kept.app/Info.plist

ExtractAppIntentsMetadata (in target 'Kept' from project 'Kept')
    cd /Users/runner/work/Appsales/Appsales
    /Applications/Xcode_26.3.app/Contents/Developer/Toolchains/XcodeDefault.xctoolchain/usr/bin/appintentsmetadataprocessor --toolchain-dir /var/run/com.apple.security.cryptexd/mnt/com.apple.MobileAsset.MetalToolchain-v17.3.7003.10.9Wja0I/Metal.xctoolchain --module-name Kept --sdk-root /Applications/Xcode_26.3.app/Contents/Developer/Platforms/iPhoneSimulator.platform/Developer/SDKs/iPhoneSimulator26.2.sdk --xcode-version 17C529 --platform-family iOS --deployment-target 17.0 --bundle-identifier com.messagegabrielhere.kept --output /Users/runner/Library/Developer/Xcode/DerivedData/Kept-epodaxjxwtzzpkappqnvuufzksrb/Build/Products/Debug-iphonesimulator/Kept.app --target-triple arm64-apple-ios17.0-simulator --binary-file /Users/runner/Library/Developer/Xcode/DerivedData/Kept-epodaxjxwtzzpkappqnvuufzksrb/Build/Products/Debug-iphonesimulator/Kept.app/Kept --dependency-file /Users/runner/Library/Developer/Xcode/DerivedData/Kept-epodaxjxwtzzpkappqnvuufzksrb/Build/Intermediates.noindex/Kept.build/Debug-iphonesimulator/Kept.build/Objects-normal/arm64/Kept_dependency_info.dat --stringsdata-file /Users/runner/Library/Developer/Xcode/DerivedData/Kept-epodaxjxwtzzpkappqnvuufzksrb/Build/Intermediates.noindex/Kept.build/Debug-iphonesimulator/Kept.build/Objects-normal/arm64/ExtractedAppShortcutsMetadata.stringsdata --source-file-list /Users/runner/Library/Developer/Xcode/DerivedData/Kept-epodaxjxwtzzpkappqnvuufzksrb/Build/Intermediates.noindex/Kept.build/Debug-iphonesimulator/Kept.build/Objects-normal/arm64/Kept.SwiftFileList --metadata-file-list /Users/runner/Library/Developer/Xcode/DerivedData/Kept-epodaxjxwtzzpkappqnvuufzksrb/Build/Intermediates.noindex/Kept.build/Debug-iphonesimulator/Kept.build/Kept.DependencyMetadataFileList --static-metadata-file-list /Users/runner/Library/Developer/Xcode/DerivedData/Kept-epodaxjxwtzzpkappqnvuufzksrb/Build/Intermediates.noindex/Kept.build/Debug-iphonesimulator/Kept.build/Kept.DependencyStaticMetadataFileList --swift-const-vals-list /Users/runner/Library/Developer/Xcode/DerivedData/Kept-epodaxjxwtzzpkappqnvuufzksrb/Build/Intermediates.noindex/Kept.build/Debug-iphonesimulator/Kept.build/Objects-normal/arm64/Kept.SwiftConstValuesFileList --compile-time-extraction --deployment-aware-processing --validate-assistant-intents --no-app-shortcuts-localization
2026-10-09 16:51:38.188 appintentsmetadataprocessor[12929:39928] Starting appintentsmetadataprocessor export
2026-10-09 16:51:38.563 appintentsmetadataprocessor[12929:39928] Writing Metadata.appintents
2026-10-09 16:51:38.563 appintentsmetadataprocessor[12929:39928] Metadata root: /Users/runner/Library/Developer/Xcode/DerivedData/Kept-epodaxjxwtzzpkappqnvuufzksrb/Build/Products/Debug-iphonesimulator/Kept.app/Metadata.appintents

CopySwiftLibs /Users/runner/Library/Developer/Xcode/DerivedData/Kept-epodaxjxwtzzpkappqnvuufzksrb/Build/Products/Debug-iphonesimulator/Kept.app (in target 'Kept' from project 'Kept')
    cd /Users/runner/work/Appsales/Appsales
    builtin-swiftStdLibTool --copy --verbose --scan-executable /Users/runner/Library/Developer/Xcode/DerivedData/Kept-epodaxjxwtzzpkappqnvuufzksrb/Build/Products/Debug-iphonesimulator/Kept.app/Kept.debug.dylib --scan-folder /Users/runner/Library/Developer/Xcode/DerivedData/Kept-epodaxjxwtzzpkappqnvuufzksrb/Build/Products/Debug-iphonesimulator/Kept.app/Frameworks --scan-folder /Users/runner/Library/Developer/Xcode/DerivedData/Kept-epodaxjxwtzzpkappqnvuufzksrb/Build/Products/Debug-iphonesimulator/Kept.app/PlugIns --scan-folder /Users/runner/Library/Developer/Xcode/DerivedData/Kept-epodaxjxwtzzpkappqnvuufzksrb/Build/Products/Debug-iphonesimulator/Kept.app/SystemExtensions --scan-folder /Users/runner/Library/Developer/Xcode/DerivedData/Kept-epodaxjxwtzzpkappqnvuufzksrb/Build/Products/Debug-iphonesimulator/Kept.app/Extensions --platform iphonesimulator --toolchain /var/run/com.apple.security.cryptexd/mnt/com.apple.MobileAsset.MetalToolchain-v17.3.7003.10.9Wja0I/Metal.xctoolchain --toolchain /Applications/Xcode_26.3.app/Contents/Developer/Toolchains/XcodeDefault.xctoolchain --destination /Users/runner/Library/Developer/Xcode/DerivedData/Kept-epodaxjxwtzzpkappqnvuufzksrb/Build/Products/Debug-iphonesimulator/Kept.app/Frameworks --strip-bitcode --strip-bitcode-tool /Applications/Xcode_26.3.app/Contents/Developer/Toolchains/XcodeDefault.xctoolchain/usr/bin/bitcode_strip --emit-dependency-info /Users/runner/Library/Developer/Xcode/DerivedData/Kept-epodaxjxwtzzpkappqnvuufzksrb/Build/Intermediates.noindex/Kept.build/Debug-iphonesimulator/Kept.build/SwiftStdLibToolInputDependencies.dep --filter-for-swift-os --back-deploy-swift-span
Ignoring --strip-bitcode because --sign was not passed

ValidateEmbeddedBinary /Users/runner/Library/Developer/Xcode/DerivedData/Kept-epodaxjxwtzzpkappqnvuufzksrb/Build/Products/Debug-iphonesimulator/Kept.app/PlugIns/KeptWidget.appex (in target 'Kept' from project 'Kept')
    cd /Users/runner/work/Appsales/Appsales
    /Applications/Xcode_26.3.app/Contents/Developer/usr/bin/embeddedBinaryValidationUtility /Users/runner/Library/Developer/Xcode/DerivedData/Kept-epodaxjxwtzzpkappqnvuufzksrb/Build/Products/Debug-iphonesimulator/Kept.app/PlugIns/KeptWidget.appex -info-plist-path /Users/runner/Library/Developer/Xcode/DerivedData/Kept-epodaxjxwtzzpkappqnvuufzksrb/Build/Products/Debug-iphonesimulator/Kept.app/Info.plist

AppIntentsSSUTraining (in target 'Kept' from project 'Kept')
    cd /Users/runner/work/Appsales/Appsales
    /Applications/Xcode_26.3.app/Contents/Developer/Toolchains/XcodeDefault.xctoolchain/usr/bin/appintentsnltrainingprocessor --infoplist-path /Users/runner/Library/Developer/Xcode/DerivedData/Kept-epodaxjxwtzzpkappqnvuufzksrb/Build/Products/Debug-iphonesimulator/Kept.app/Info.plist --temp-dir-path /Users/runner/Library/Developer/Xcode/DerivedData/Kept-epodaxjxwtzzpkappqnvuufzksrb/Build/Intermediates.noindex/Kept.build/Debug-iphonesimulator/Kept.build/ssu --bundle-id com.messagegabrielhere.kept --product-path /Users/runner/Library/Developer/Xcode/DerivedData/Kept-epodaxjxwtzzpkappqnvuufzksrb/Build/Products/Debug-iphonesimulator/Kept.app --extracted-metadata-path /Users/runner/Library/Developer/Xcode/DerivedData/Kept-epodaxjxwtzzpkappqnvuufzksrb/Build/Products/Debug-iphonesimulator/Kept.app/Metadata.appintents --metadata-file-list /Users/runner/Library/Developer/Xcode/DerivedData/Kept-epodaxjxwtzzpkappqnvuufzksrb/Build/Intermediates.noindex/Kept.build/Debug-iphonesimulator/Kept.build/Kept.DependencyMetadataFileList --archive-ssu-assets
2026-10-09 16:51:38.655 appintentsnltrainingprocessor[12936:39954] Parsing options for appintentsnltrainingprocessor
2026-10-09 16:51:38.665 appintentsnltrainingprocessor[12936:39954] Starting AppIntents SSU YAML Generation
2026-10-09 16:51:38.694 appintentsnltrainingprocessor[12936:39954] Training 'Log ${LogKindAppEnum} in ${+applicationName}|Add ${LogKindAppEnum} to ${+applicationName}|Log a meal in ${+applicationName}' for en
2026-10-09 16:51:38.695 appintentsnltrainingprocessor[12936:39954] Training 'Tell ${+applicationName} what I ate|Log my day in ${+applicationName}|Tell ${+applicationName} what I had' for en
2026-10-09 16:51:38.695 appintentsnltrainingprocessor[12936:39954] Training 'Log water in ${+applicationName}|Add a glass of water in ${+applicationName}' for en
2026-10-09 16:51:38.695 appintentsnltrainingprocessor[12936:39954] Training 'Mark ${HabitEntity} done in ${+applicationName}|I took ${HabitEntity} in ${+applicationName}' for en
2026-10-09 16:51:38.695 appintentsnltrainingprocessor[12936:39954] Training 'Get my ${+applicationName} AI prompt|Get my ${AIQuestionAppEnum} prompt from ${+applicationName}' for en
2026-10-09 16:51:38.695 appintentsnltrainingprocessor[12936:39954] Training Negative Phrases '' for en
2026-10-09 16:51:38.695 appintentsnltrainingprocessor[12936:39954] Application name 'Fuelprint' for en
2026-10-09 16:51:38.743 appintentsnltrainingprocessor[12936:39954] Generated AppIntents SSU YAML files in file:///Users/runner/Library/Developer/Xcode/DerivedData/Kept-epodaxjxwtzzpkappqnvuufzksrb/Build/Intermediates.noindex/Kept.build/Debug-iphonesimulator/Kept.build/ssu/
2026-10-09 16:51:38.743 appintentsnltrainingprocessor[12936:39954] Copied AppIntents SSU YAML files to file:///Users/runner/Library/Developer/Xcode/DerivedData/Kept-epodaxjxwtzzpkappqnvuufzksrb/Build/Products/Debug-iphonesimulator/Kept.app/Metadata.appintents/
Archiving all locales.
[------------------------------------------------------------] 0% archiving en[🁢🁢🁢🁢🁢🁢🁢🁢🁢🁢🁢🁢🁢🁢🁢🁢🁢🁢🁢🁢🁢🁢🁢🁢🁢🁢🁢🁢🁢🁢🁢🁢🁢🁢🁢🁢🁢🁢🁢🁢🁢🁢🁢🁢🁢🁢🁢🁢🁢🁢🁢🁢🁢🁢🁢🁢🁢🁢🁢🁢] 100% archived en[🁢🁢🁢🁢🁢🁢🁢🁢🁢🁢🁢🁢🁢🁢🁢🁢🁢🁢🁢🁢🁢🁢🁢🁢🁢🁢🁢🁢🁢🁢🁢🁢🁢🁢🁢🁢🁢🁢🁢🁢🁢🁢🁢🁢🁢🁢🁢🁢🁢🁢🁢🁢🁢🁢🁢🁢🁢🁢🁢🁢] 100% archived 1 locales/Users/runner/Library/Developer/Xcode/DerivedData/Kept-epodaxjxwtzzpkappqnvuufzksrb/Build/Products/Debug-iphonesimulator/Kept.app/Metadata.appintents/nlu
/Users/runner/Library/Developer/Xcode/DerivedData/Kept-epodaxjxwtzzpkappqnvuufzksrb/Build/Products/Debug-iphonesimulator/Kept.app/Metadata.appintents/nlu/5c23c44086e6630cd7ebcc256b87f24c.version


SwiftDriverJobDiscovery normal arm64 Compiling AIExportTests.swift, BackupMergeTests.swift, BulkEntryParserTests.swift, CSVImportTests.swift, DayKeyTests.swift, EstimateParserTests.swift, HabitCodableTests.swift (in target 'KeptTests' from project 'Kept')

SwiftDriver\ Compilation KeptTests normal arm64 com.apple.xcode.tools.swift.compiler (in target 'KeptTests' from project 'Kept')
    cd /Users/runner/work/Appsales/Appsales
    builtin-Swift-Compilation -- /Applications/Xcode_26.3.app/Contents/Developer/Toolchains/XcodeDefault.xctoolchain/usr/bin/swiftc -module-name KeptTests -Onone -enforce-exclusivity\=checked @/Users/runner/Library/Developer/Xcode/DerivedData/Kept-epodaxjxwtzzpkappqnvuufzksrb/Build/Intermediates.noindex/Kept.build/Debug-iphonesimulator/KeptTests.build/Objects-normal/arm64/KeptTests.SwiftFileList -DDEBUG -plugin-path /Applications/Xcode_26.3.app/Contents/Developer/Toolchains/XcodeDefault.xctoolchain/usr/lib/swift/host/plugins/testing -enable-bare-slash-regex -enable-experimental-feature DebugDescriptionMacro -sdk /Applications/Xcode_26.3.app/Contents/Developer/Platforms/iPhoneSimulator.platform/Developer/SDKs/iPhoneSimulator26.2.sdk -target arm64-apple-ios17.0-simulator -g -module-cache-path /Users/runner/Library/Developer/Xcode/DerivedData/ModuleCache.noindex -Xfrontend -serialize-debugging-options -enable-testing -index-store-path /Users/runner/Library/Developer/Xcode/DerivedData/Kept-epodaxjxwtzzpkappqnvuufzksrb/Index.noindex/DataStore -Xcc -D_LIBCPP_HARDENING_MODE\=_LIBCPP_HARDENING_MODE_DEBUG -swift-version 5 -I /Users/runner/Library/Developer/Xcode/DerivedData/Kept-epodaxjxwtzzpkappqnvuufzksrb/Build/Products/Debug-iphonesimulator -Isystem /Applications/Xcode_26.3.app/Contents/Developer/Platforms/iPhoneSimulator.platform/Developer/usr/lib -F /Users/runner/Library/Developer/Xcode/DerivedData/Kept-epodaxjxwtzzpkappqnvuufzksrb/Build/Products/Debug-iphonesimulator -F /Applications/Xcode_26.3.app/Contents/Developer/Platforms/iPhoneSimulator.platform/Developer/Library/Frameworks -F /Applications/Xcode_26.3.app/Contents/Developer/Platforms/iPhoneSimulator.platform/Developer/SDKs/iPhoneSimulator26.2.sdk/Developer/Library/Frameworks -c -j3 -enable-batch-mode -incremental -Xcc -ivfsstatcache -Xcc /Users/runner/Library/Developer/Xcode/DerivedData/SDKStatCaches.noindex/iphonesimulator26.2-23C57-dc75598d0054f22ec865fa860f139d72e244bd9a5feaf902f95f61bf06266e52.sdkstatcache -output-file-map /Users/runner/Library/Developer/Xcode/DerivedData/Kept-epodaxjxwtzzpkappqnvuufzksrb/Build/Intermediates.noindex/Kept.build/Debug-iphonesimulator/KeptTests.build/Objects-normal/arm64/KeptTests-OutputFileMap.json -use-frontend-parseable-output -save-temps -no-color-diagnostics -explicit-module-build -module-cache-path /Users/runner/Library/Developer/Xcode/DerivedData/Kept-epodaxjxwtzzpkappqnvuufzksrb/Build/Intermediates.noindex/SwiftExplicitPrecompiledModules -clang-scanner-module-cache-path /Users/runner/Library/Developer/Xcode/DerivedData/ModuleCache.noindex -sdk-module-cache-path /Users/runner/Library/Developer/Xcode/DerivedData/ModuleCache.noindex -serialize-diagnostics -emit-dependencies -emit-module -emit-module-path /Users/runner/Library/Developer/Xcode/DerivedData/Kept-epodaxjxwtzzpkappqnvuufzksrb/Build/Intermediates.noindex/Kept.build/Debug-iphonesimulator/KeptTests.build/Objects-normal/arm64/KeptTests.swiftmodule -validate-clang-modules-once -clang-build-session-file /Users/runner/Library/Developer/Xcode/DerivedData/ModuleCache.noindex/Session.modulevalidation -Xcc -I/Users/runner/Library/Developer/Xcode/DerivedData/Kept-epodaxjxwtzzpkappqnvuufzksrb/Build/Intermediates.noindex/Kept.build/Debug-iphonesimulator/KeptTests.build/swift-overrides.hmap -emit-const-values -Xfrontend -const-gather-protocols-file -Xfrontend /Users/runner/Library/Developer/Xcode/DerivedData/Kept-epodaxjxwtzzpkappqnvuufzksrb/Build/Intermediates.noindex/Kept.build/Debug-iphonesimulator/KeptTests.build/Objects-normal/arm64/KeptTests_const_extract_protocols.json -Xcc -iquote -Xcc /Users/runner/Library/Developer/Xcode/DerivedData/Kept-epodaxjxwtzzpkappqnvuufzksrb/Build/Intermediates.noindex/Kept.build/Debug-iphonesimulator/KeptTests.build/KeptTests-generated-files.hmap -Xcc -I/Users/runner/Library/Developer/Xcode/DerivedData/Kept-epodaxjxwtzzpkappqnvuufzksrb/Build/Intermediates.noindex/Kept.build/Debug-iphonesimulator/KeptTests.build/KeptTests-own-target-headers.hmap -Xcc -I/Users/runner/Library/Developer/Xcode/DerivedData/Kept-epodaxjxwtzzpkappqnvuufzksrb/Build/Intermediates.noindex/Kept.build/Debug-iphonesimulator/KeptTests.build/KeptTests-all-target-headers.hmap -Xcc -iquote -Xcc /Users/runner/Library/Developer/Xcode/DerivedData/Kept-epodaxjxwtzzpkappqnvuufzksrb/Build/Intermediates.noindex/Kept.build/Debug-iphonesimulator/KeptTests.build/KeptTests-project-headers.hmap -Xcc -I/Users/runner/Library/Developer/Xcode/DerivedData/Kept-epodaxjxwtzzpkappqnvuufzksrb/Build/Products/Debug-iphonesimulator/include -Xcc -I/Users/runner/Library/Developer/Xcode/DerivedData/Kept-epodaxjxwtzzpkappqnvuufzksrb/Build/Intermediates.noindex/Kept.build/Debug-iphonesimulator/KeptTests.build/DerivedSources-normal/arm64 -Xcc -I/Users/runner/Library/Developer/Xcode/DerivedData/Kept-epodaxjxwtzzpkappqnvuufzksrb/Build/Intermediates.noindex/Kept.build/Debug-iphonesimulator/KeptTests.build/DerivedSources/arm64 -Xcc -I/Users/runner/Library/Developer/Xcode/DerivedData/Kept-epodaxjxwtzzpkappqnvuufzksrb/Build/Intermediates.noindex/Kept.build/Debug-iphonesimulator/KeptTests.build/DerivedSources -Xcc -DDEBUG\=1 -emit-objc-header -emit-objc-header-path /Users/runner/Library/Developer/Xcode/DerivedData/Kept-epodaxjxwtzzpkappqnvuufzksrb/Build/Intermediates.noindex/Kept.build/Debug-iphonesimulator/KeptTests.build/Objects-normal/arm64/KeptTests-Swift.h -working-directory /Users/runner/work/Appsales/Appsales -experimental-emit-module-separately -disable-cmo

ProcessInfoPlistFile /Users/runner/Library/Developer/Xcode/DerivedData/Kept-epodaxjxwtzzpkappqnvuufzksrb/Build/Products/Debug-iphonesimulator/Kept.app/PlugIns/KeptTests.xctest/Info.plist /Users/runner/Library/Developer/Xcode/DerivedData/Kept-epodaxjxwtzzpkappqnvuufzksrb/Build/Intermediates.noindex/Kept.build/Debug-iphonesimulator/KeptTests.build/empty-KeptTests.plist (in target 'KeptTests' from project 'Kept')
    cd /Users/runner/work/Appsales/Appsales
    builtin-infoPlistUtility /Users/runner/Library/Developer/Xcode/DerivedData/Kept-epodaxjxwtzzpkappqnvuufzksrb/Build/Intermediates.noindex/Kept.build/Debug-iphonesimulator/KeptTests.build/empty-KeptTests.plist -producttype com.apple.product-type.bundle.unit-test -expandbuildsettings -format binary -platform iphonesimulator -o /Users/runner/Library/Developer/Xcode/DerivedData/Kept-epodaxjxwtzzpkappqnvuufzksrb/Build/Products/Debug-iphonesimulator/Kept.app/PlugIns/KeptTests.xctest/Info.plist

Ld /Users/runner/Library/Developer/Xcode/DerivedData/Kept-epodaxjxwtzzpkappqnvuufzksrb/Build/Products/Debug-iphonesimulator/Kept.app/PlugIns/KeptTests.xctest/KeptTests normal (in target 'KeptTests' from project 'Kept')
    cd /Users/runner/work/Appsales/Appsales
    /Applications/Xcode_26.3.app/Contents/Developer/Toolchains/XcodeDefault.xctoolchain/usr/bin/clang -Xlinker -reproducible -target arm64-apple-ios17.0-simulator -bundle -isysroot /Applications/Xcode_26.3.app/Contents/Developer/Platforms/iPhoneSimulator.platform/Developer/SDKs/iPhoneSimulator26.2.sdk -O0 -L/Users/runner/Library/Developer/Xcode/DerivedData/Kept-epodaxjxwtzzpkappqnvuufzksrb/Build/Intermediates.noindex/EagerLinkingTBDs/Debug-iphonesimulator -L/Users/runner/Library/Developer/Xcode/DerivedData/Kept-epodaxjxwtzzpkappqnvuufzksrb/Build/Products/Debug-iphonesimulator -L/Applications/Xcode_26.3.app/Contents/Developer/Platforms/iPhoneSimulator.platform/Developer/usr/lib -F/Users/runner/Library/Developer/Xcode/DerivedData/Kept-epodaxjxwtzzpkappqnvuufzksrb/Build/Intermediates.noindex/EagerLinkingTBDs/Debug-iphonesimulator -F/Users/runner/Library/Developer/Xcode/DerivedData/Kept-epodaxjxwtzzpkappqnvuufzksrb/Build/Products/Debug-iphonesimulator -iframework /Applications/Xcode_26.3.app/Contents/Developer/Platforms/iPhoneSimulator.platform/Developer/Library/Frameworks -iframework /Applications/Xcode_26.3.app/Contents/Developer/Platforms/iPhoneSimulator.platform/Developer/SDKs/iPhoneSimulator26.2.sdk/Developer/Library/Frameworks -filelist /Users/runner/Library/Developer/Xcode/DerivedData/Kept-epodaxjxwtzzpkappqnvuufzksrb/Build/Intermediates.noindex/Kept.build/Debug-iphonesimulator/KeptTests.build/Objects-normal/arm64/KeptTests.LinkFileList -Xlinker -rpath -Xlinker /usr/lib/swift -Xlinker -rpath -Xlinker @loader_path/Frameworks -Xlinker -rpath -Xlinker @executable_path/Frameworks -dead_strip -bundle_loader /Users/runner/Library/Developer/Xcode/DerivedData/Kept-epodaxjxwtzzpkappqnvuufzksrb/Build/Products/Debug-iphonesimulator/Kept.app/Kept -Xlinker -object_path_lto -Xlinker /Users/runner/Library/Developer/Xcode/DerivedData/Kept-epodaxjxwtzzpkappqnvuufzksrb/Build/Intermediates.noindex/Kept.build/Debug-iphonesimulator/KeptTests.build/Objects-normal/arm64/KeptTests_lto.o -rdynamic -Xlinker -no_deduplicate -Xlinker -objc_abi_version -Xlinker 2 -Xlinker -dependency_info -Xlinker /Users/runner/Library/Developer/Xcode/DerivedData/Kept-epodaxjxwtzzpkappqnvuufzksrb/Build/Intermediates.noindex/Kept.build/Debug-iphonesimulator/KeptTests.build/Objects-normal/arm64/KeptTests_dependency_info.dat -fobjc-link-runtime -L/Applications/Xcode_26.3.app/Contents/Developer/Toolchains/XcodeDefault.xctoolchain/usr/lib/swift/iphonesimulator -L/usr/lib/swift -Xlinker -add_ast_path -Xlinker /Users/runner/Library/Developer/Xcode/DerivedData/Kept-epodaxjxwtzzpkappqnvuufzksrb/Build/Intermediates.noindex/Kept.build/Debug-iphonesimulator/KeptTests.build/Objects-normal/arm64/KeptTests.swiftmodule @/Users/runner/Library/Developer/Xcode/DerivedData/Kept-epodaxjxwtzzpkappqnvuufzksrb/Build/Intermediates.noindex/Kept.build/Debug-iphonesimulator/KeptTests.build/Objects-normal/arm64/KeptTests-linker-args.resp -Xlinker -needed_framework -Xlinker XCTest -framework XCTest -Xlinker -needed-lXCTestSwiftSupport -lXCTestSwiftSupport /Users/runner/Library/Developer/Xcode/DerivedData/Kept-epodaxjxwtzzpkappqnvuufzksrb/Build/Products/Debug-iphonesimulator/Kept.app/Kept.debug.dylib -o /Users/runner/Library/Developer/Xcode/DerivedData/Kept-epodaxjxwtzzpkappqnvuufzksrb/Build/Products/Debug-iphonesimulator/Kept.app/PlugIns/KeptTests.xctest/KeptTests

CopySwiftLibs /Users/runner/Library/Developer/Xcode/DerivedData/Kept-epodaxjxwtzzpkappqnvuufzksrb/Build/Products/Debug-iphonesimulator/Kept.app/PlugIns/KeptTests.xctest (in target 'KeptTests' from project 'Kept')
    cd /Users/runner/work/Appsales/Appsales
    builtin-swiftStdLibTool --copy --verbose --scan-executable /Users/runner/Library/Developer/Xcode/DerivedData/Kept-epodaxjxwtzzpkappqnvuufzksrb/Build/Products/Debug-iphonesimulator/Kept.app/PlugIns/KeptTests.xctest/KeptTests --scan-folder /Users/runner/Library/Developer/Xcode/DerivedData/Kept-epodaxjxwtzzpkappqnvuufzksrb/Build/Products/Debug-iphonesimulator/Kept.app/PlugIns/KeptTests.xctest/Frameworks --scan-folder /Users/runner/Library/Developer/Xcode/DerivedData/Kept-epodaxjxwtzzpkappqnvuufzksrb/Build/Products/Debug-iphonesimulator/Kept.app/PlugIns/KeptTests.xctest/PlugIns --scan-folder /Users/runner/Library/Developer/Xcode/DerivedData/Kept-epodaxjxwtzzpkappqnvuufzksrb/Build/Products/Debug-iphonesimulator/Kept.app/PlugIns/KeptTests.xctest/SystemExtensions --scan-folder /Users/runner/Library/Developer/Xcode/DerivedData/Kept-epodaxjxwtzzpkappqnvuufzksrb/Build/Products/Debug-iphonesimulator/Kept.app/PlugIns/KeptTests.xctest/Extensions --platform iphonesimulator --toolchain /var/run/com.apple.security.cryptexd/mnt/com.apple.MobileAsset.MetalToolchain-v17.3.7003.10.9Wja0I/Metal.xctoolchain --toolchain /Applications/Xcode_26.3.app/Contents/Developer/Toolchains/XcodeDefault.xctoolchain --destination /Users/runner/Library/Developer/Xcode/DerivedData/Kept-epodaxjxwtzzpkappqnvuufzksrb/Build/Products/Debug-iphonesimulator/Kept.app/PlugIns/KeptTests.xctest/Frameworks --strip-bitcode --scan-executable /Applications/Xcode_26.3.app/Contents/Developer/Platforms/iPhoneSimulator.platform/Developer/usr/lib/libXCTestSwiftSupport.dylib --strip-bitcode-tool /Applications/Xcode_26.3.app/Contents/Developer/Toolchains/XcodeDefault.xctoolchain/usr/bin/bitcode_strip --emit-dependency-info /Users/runner/Library/Developer/Xcode/DerivedData/Kept-epodaxjxwtzzpkappqnvuufzksrb/Build/Intermediates.noindex/Kept.build/Debug-iphonesimulator/KeptTests.build/SwiftStdLibToolInputDependencies.dep --filter-for-swift-os --back-deploy-swift-span
Ignoring --strip-bitcode because --sign was not passed

ExtractAppIntentsMetadata (in target 'KeptTests' from project 'Kept')
    cd /Users/runner/work/Appsales/Appsales
    /Applications/Xcode_26.3.app/Contents/Developer/Toolchains/XcodeDefault.xctoolchain/usr/bin/appintentsmetadataprocessor --toolchain-dir /var/run/com.apple.security.cryptexd/mnt/com.apple.MobileAsset.MetalToolchain-v17.3.7003.10.9Wja0I/Metal.xctoolchain --module-name KeptTests --sdk-root /Applications/Xcode_26.3.app/Contents/Developer/Platforms/iPhoneSimulator.platform/Developer/SDKs/iPhoneSimulator26.2.sdk --xcode-version 17C529 --platform-family iOS --deployment-target 17.0 --bundle-identifier com.messagegabrielhere.kept.tests --output /Users/runner/Library/Developer/Xcode/DerivedData/Kept-epodaxjxwtzzpkappqnvuufzksrb/Build/Products/Debug-iphonesimulator/Kept.app/PlugIns/KeptTests.xctest --target-triple arm64-apple-ios17.0-simulator --binary-file /Users/runner/Library/Developer/Xcode/DerivedData/Kept-epodaxjxwtzzpkappqnvuufzksrb/Build/Products/Debug-iphonesimulator/Kept.app/PlugIns/KeptTests.xctest/KeptTests --dependency-file /Users/runner/Library/Developer/Xcode/DerivedData/Kept-epodaxjxwtzzpkappqnvuufzksrb/Build/Intermediates.noindex/Kept.build/Debug-iphonesimulator/KeptTests.build/Objects-normal/arm64/KeptTests_dependency_info.dat --stringsdata-file /Users/runner/Library/Developer/Xcode/DerivedData/Kept-epodaxjxwtzzpkappqnvuufzksrb/Build/Intermediates.noindex/Kept.build/Debug-iphonesimulator/KeptTests.build/Objects-normal/arm64/ExtractedAppShortcutsMetadata.stringsdata --source-file-list /Users/runner/Library/Developer/Xcode/DerivedData/Kept-epodaxjxwtzzpkappqnvuufzksrb/Build/Intermediates.noindex/Kept.build/Debug-iphonesimulator/KeptTests.build/Objects-normal/arm64/KeptTests.SwiftFileList --metadata-file-list /Users/runner/Library/Developer/Xcode/DerivedData/Kept-epodaxjxwtzzpkappqnvuufzksrb/Build/Intermediates.noindex/Kept.build/Debug-iphonesimulator/KeptTests.build/KeptTests.DependencyMetadataFileList --static-metadata-file-list /Users/runner/Library/Developer/Xcode/DerivedData/Kept-epodaxjxwtzzpkappqnvuufzksrb/Build/Intermediates.noindex/Kept.build/Debug-iphonesimulator/KeptTests.build/KeptTests.DependencyStaticMetadataFileList --swift-const-vals-list /Users/runner/Library/Developer/Xcode/DerivedData/Kept-epodaxjxwtzzpkappqnvuufzksrb/Build/Intermediates.noindex/Kept.build/Debug-iphonesimulator/KeptTests.build/Objects-normal/arm64/KeptTests.SwiftConstValuesFileList --compile-time-extraction --deployment-aware-processing --validate-assistant-intents --no-app-shortcuts-localization
2026-10-09 16:51:43.978 appintentsmetadataprocessor[12969:40257] Starting appintentsmetadataprocessor export
2026-10-09 16:51:44.287 appintentsmetadataprocessor[12969:40257] Extracted no relevant App Intents symbols, skipping writing output

AppIntentsSSUTraining (in target 'KeptTests' from project 'Kept')
    cd /Users/runner/work/Appsales/Appsales
    /Applications/Xcode_26.3.app/Contents/Developer/Toolchains/XcodeDefault.xctoolchain/usr/bin/appintentsnltrainingprocessor --infoplist-path /Users/runner/Library/Developer/Xcode/DerivedData/Kept-epodaxjxwtzzpkappqnvuufzksrb/Build/Products/Debug-iphonesimulator/Kept.app/PlugIns/KeptTests.xctest/Info.plist --temp-dir-path /Users/runner/Library/Developer/Xcode/DerivedData/Kept-epodaxjxwtzzpkappqnvuufzksrb/Build/Intermediates.noindex/Kept.build/Debug-iphonesimulator/KeptTests.build/ssu --bundle-id com.messagegabrielhere.kept.tests --product-path /Users/runner/Library/Developer/Xcode/DerivedData/Kept-epodaxjxwtzzpkappqnvuufzksrb/Build/Products/Debug-iphonesimulator/Kept.app/PlugIns/KeptTests.xctest --extracted-metadata-path /Users/runner/Library/Developer/Xcode/DerivedData/Kept-epodaxjxwtzzpkappqnvuufzksrb/Build/Products/Debug-iphonesimulator/Kept.app/PlugIns/KeptTests.xctest/Metadata.appintents --metadata-file-list /Users/runner/Library/Developer/Xcode/DerivedData/Kept-epodaxjxwtzzpkappqnvuufzksrb/Build/Intermediates.noindex/Kept.build/Debug-iphonesimulator/KeptTests.build/KeptTests.DependencyMetadataFileList --archive-ssu-assets
2026-10-09 16:51:44.324 appintentsnltrainingprocessor[12970:40276] Parsing options for appintentsnltrainingprocessor
2026-10-09 16:51:44.325 appintentsnltrainingprocessor[12970:40276] No AppShortcuts found - Skipping.

RegisterExecutionPolicyException /Users/runner/Library/Developer/Xcode/DerivedData/Kept-epodaxjxwtzzpkappqnvuufzksrb/Build/Products/Debug-iphonesimulator/Kept.app/PlugIns/KeptTests.xctest (in target 'KeptTests' from project 'Kept')
    cd /Users/runner/work/Appsales/Appsales
    builtin-RegisterExecutionPolicyException /Users/runner/Library/Developer/Xcode/DerivedData/Kept-epodaxjxwtzzpkappqnvuufzksrb/Build/Products/Debug-iphonesimulator/Kept.app/PlugIns/KeptTests.xctest

Touch /Users/runner/Library/Developer/Xcode/DerivedData/Kept-epodaxjxwtzzpkappqnvuufzksrb/Build/Products/Debug-iphonesimulator/Kept.app/PlugIns/KeptTests.xctest (in target 'KeptTests' from project 'Kept')
    cd /Users/runner/work/Appsales/Appsales
    /usr/bin/touch -c /Users/runner/Library/Developer/Xcode/DerivedData/Kept-epodaxjxwtzzpkappqnvuufzksrb/Build/Products/Debug-iphonesimulator/Kept.app/PlugIns/KeptTests.xctest

RegisterExecutionPolicyException /Users/runner/Library/Developer/Xcode/DerivedData/Kept-epodaxjxwtzzpkappqnvuufzksrb/Build/Products/Debug-iphonesimulator/Kept.app (in target 'Kept' from project 'Kept')
    cd /Users/runner/work/Appsales/Appsales
    builtin-RegisterExecutionPolicyException /Users/runner/Library/Developer/Xcode/DerivedData/Kept-epodaxjxwtzzpkappqnvuufzksrb/Build/Products/Debug-iphonesimulator/Kept.app

Validate /Users/runner/Library/Developer/Xcode/DerivedData/Kept-epodaxjxwtzzpkappqnvuufzksrb/Build/Products/Debug-iphonesimulator/Kept.app (in target 'Kept' from project 'Kept')
    cd /Users/runner/work/Appsales/Appsales
    builtin-validationUtility /Users/runner/Library/Developer/Xcode/DerivedData/Kept-epodaxjxwtzzpkappqnvuufzksrb/Build/Products/Debug-iphonesimulator/Kept.app -shallow-bundle -infoplist-subpath Info.plist

Touch /Users/runner/Library/Developer/Xcode/DerivedData/Kept-epodaxjxwtzzpkappqnvuufzksrb/Build/Products/Debug-iphonesimulator/Kept.app (in target 'Kept' from project 'Kept')
    cd /Users/runner/work/Appsales/Appsales
    /usr/bin/touch -c /Users/runner/Library/Developer/Xcode/DerivedData/Kept-epodaxjxwtzzpkappqnvuufzksrb/Build/Products/Debug-iphonesimulator/Kept.app

ProcessInfoPlistFile /Users/runner/Library/Developer/Xcode/DerivedData/Kept-epodaxjxwtzzpkappqnvuufzksrb/Build/Products/Debug-iphonesimulator/KeptUITests-Runner.app/PlugIns/KeptUITests.xctest/Info.plist /Users/runner/Library/Developer/Xcode/DerivedData/Kept-epodaxjxwtzzpkappqnvuufzksrb/Build/Intermediates.noindex/Kept.build/Debug-iphonesimulator/KeptUITests.build/empty-KeptUITests.plist (in target 'KeptUITests' from project 'Kept')
    cd /Users/runner/work/Appsales/Appsales
    builtin-infoPlistUtility /Users/runner/Library/Developer/Xcode/DerivedData/Kept-epodaxjxwtzzpkappqnvuufzksrb/Build/Intermediates.noindex/Kept.build/Debug-iphonesimulator/KeptUITests.build/empty-KeptUITests.plist -producttype com.apple.product-type.bundle.ui-testing -expandbuildsettings -format binary -platform iphonesimulator -additionalcontentfile /Users/runner/Library/Developer/Xcode/DerivedData/Kept-epodaxjxwtzzpkappqnvuufzksrb/Build/Intermediates.noindex/Kept.build/Debug-iphonesimulator/KeptUITests.build/ProductTypeInfoPlistAdditions.plist -o /Users/runner/Library/Developer/Xcode/DerivedData/Kept-epodaxjxwtzzpkappqnvuufzksrb/Build/Products/Debug-iphonesimulator/KeptUITests-Runner.app/PlugIns/KeptUITests.xctest/Info.plist

Ld /Users/runner/Library/Developer/Xcode/DerivedData/Kept-epodaxjxwtzzpkappqnvuufzksrb/Build/Products/Debug-iphonesimulator/KeptUITests-Runner.app/PlugIns/KeptUITests.xctest/KeptUITests normal (in target 'KeptUITests' from project 'Kept')
    cd /Users/runner/work/Appsales/Appsales
    /Applications/Xcode_26.3.app/Contents/Developer/Toolchains/XcodeDefault.xctoolchain/usr/bin/clang -Xlinker -reproducible -target arm64-apple-ios17.0-simulator -bundle -isysroot /Applications/Xcode_26.3.app/Contents/Developer/Platforms/iPhoneSimulator.platform/Developer/SDKs/iPhoneSimulator26.2.sdk -O0 -L/Users/runner/Library/Developer/Xcode/DerivedData/Kept-epodaxjxwtzzpkappqnvuufzksrb/Build/Intermediates.noindex/EagerLinkingTBDs/Debug-iphonesimulator -L/Users/runner/Library/Developer/Xcode/DerivedData/Kept-epodaxjxwtzzpkappqnvuufzksrb/Build/Products/Debug-iphonesimulator -L/Applications/Xcode_26.3.app/Contents/Developer/Platforms/iPhoneSimulator.platform/Developer/usr/lib -F/Users/runner/Library/Developer/Xcode/DerivedData/Kept-epodaxjxwtzzpkappqnvuufzksrb/Build/Intermediates.noindex/EagerLinkingTBDs/Debug-iphonesimulator -F/Users/runner/Library/Developer/Xcode/DerivedData/Kept-epodaxjxwtzzpkappqnvuufzksrb/Build/Products/Debug-iphonesimulator -iframework /Applications/Xcode_26.3.app/Contents/Developer/Platforms/iPhoneSimulator.platform/Developer/Library/Frameworks -iframework /Applications/Xcode_26.3.app/Contents/Developer/Platforms/iPhoneSimulator.platform/Developer/SDKs/iPhoneSimulator26.2.sdk/Developer/Library/Frameworks -filelist /Users/runner/Library/Developer/Xcode/DerivedData/Kept-epodaxjxwtzzpkappqnvuufzksrb/Build/Intermediates.noindex/Kept.build/Debug-iphonesimulator/KeptUITests.build/Objects-normal/arm64/KeptUITests.LinkFileList -Xlinker -rpath -Xlinker /usr/lib/swift -Xlinker -rpath -Xlinker @loader_path/Frameworks -Xlinker -rpath -Xlinker @executable_path/Frameworks -dead_strip -Xlinker -object_path_lto -Xlinker /Users/runner/Library/Developer/Xcode/DerivedData/Kept-epodaxjxwtzzpkappqnvuufzksrb/Build/Intermediates.noindex/Kept.build/Debug-iphonesimulator/KeptUITests.build/Objects-normal/arm64/KeptUITests_lto.o -rdynamic -Xlinker -no_deduplicate -Xlinker -objc_abi_version -Xlinker 2 -Xlinker -dependency_info -Xlinker /Users/runner/Library/Developer/Xcode/DerivedData/Kept-epodaxjxwtzzpkappqnvuufzksrb/Build/Intermediates.noindex/Kept.build/Debug-iphonesimulator/KeptUITests.build/Objects-normal/arm64/KeptUITests_dependency_info.dat -fobjc-link-runtime -L/Applications/Xcode_26.3.app/Contents/Developer/Toolchains/XcodeDefault.xctoolchain/usr/lib/swift/iphonesimulator -L/usr/lib/swift -Xlinker -add_ast_path -Xlinker /Users/runner/Library/Developer/Xcode/DerivedData/Kept-epodaxjxwtzzpkappqnvuufzksrb/Build/Intermediates.noindex/Kept.build/Debug-iphonesimulator/KeptUITests.build/Objects-normal/arm64/KeptUITests.swiftmodule @/Users/runner/Library/Developer/Xcode/DerivedData/Kept-epodaxjxwtzzpkappqnvuufzksrb/Build/Intermediates.noindex/Kept.build/Debug-iphonesimulator/KeptUITests.build/Objects-normal/arm64/KeptUITests-linker-args.resp -Xlinker -needed_framework -Xlinker XCTest -framework XCTest -Xlinker -needed-lXCTestSwiftSupport -lXCTestSwiftSupport -o /Users/runner/Library/Developer/Xcode/DerivedData/Kept-epodaxjxwtzzpkappqnvuufzksrb/Build/Products/Debug-iphonesimulator/KeptUITests-Runner.app/PlugIns/KeptUITests.xctest/KeptUITests

ExtractAppIntentsMetadata (in target 'KeptUITests' from project 'Kept')
    cd /Users/runner/work/Appsales/Appsales
    /Applications/Xcode_26.3.app/Contents/Developer/Toolchains/XcodeDefault.xctoolchain/usr/bin/appintentsmetadataprocessor --toolchain-dir /var/run/com.apple.security.cryptexd/mnt/com.apple.MobileAsset.MetalToolchain-v17.3.7003.10.9Wja0I/Metal.xctoolchain --module-name KeptUITests --sdk-root /Applications/Xcode_26.3.app/Contents/Developer/Platforms/iPhoneSimulator.platform/Developer/SDKs/iPhoneSimulator26.2.sdk --xcode-version 17C529 --platform-family iOS --deployment-target 17.0 --bundle-identifier com.messagegabrielhere.kept.uitests --output /Users/runner/Library/Developer/Xcode/DerivedData/Kept-epodaxjxwtzzpkappqnvuufzksrb/Build/Products/Debug-iphonesimulator/KeptUITests-Runner.app/PlugIns/KeptUITests.xctest --target-triple arm64-apple-ios17.0-simulator --binary-file /Users/runner/Library/Developer/Xcode/DerivedData/Kept-epodaxjxwtzzpkappqnvuufzksrb/Build/Products/Debug-iphonesimulator/KeptUITests-Runner.app/PlugIns/KeptUITests.xctest/KeptUITests --dependency-file /Users/runner/Library/Developer/Xcode/DerivedData/Kept-epodaxjxwtzzpkappqnvuufzksrb/Build/Intermediates.noindex/Kept.build/Debug-iphonesimulator/KeptUITests.build/Objects-normal/arm64/KeptUITests_dependency_info.dat --stringsdata-file /Users/runner/Library/Developer/Xcode/DerivedData/Kept-epodaxjxwtzzpkappqnvuufzksrb/Build/Intermediates.noindex/Kept.build/Debug-iphonesimulator/KeptUITests.build/Objects-normal/arm64/ExtractedAppShortcutsMetadata.stringsdata --source-file-list /Users/runner/Library/Developer/Xcode/DerivedData/Kept-epodaxjxwtzzpkappqnvuufzksrb/Build/Intermediates.noindex/Kept.build/Debug-iphonesimulator/KeptUITests.build/Objects-normal/arm64/KeptUITests.SwiftFileList --metadata-file-list /Users/runner/Library/Developer/Xcode/DerivedData/Kept-epodaxjxwtzzpkappqnvuufzksrb/Build/Intermediates.noindex/Kept.build/Debug-iphonesimulator/KeptUITests.build/KeptUITests.DependencyMetadataFileList --static-metadata-file-list /Users/runner/Library/Developer/Xcode/DerivedData/Kept-epodaxjxwtzzpkappqnvuufzksrb/Build/Intermediates.noindex/Kept.build/Debug-iphonesimulator/KeptUITests.build/KeptUITests.DependencyStaticMetadataFileList --swift-const-vals-list /Users/runner/Library/Developer/Xcode/DerivedData/Kept-epodaxjxwtzzpkappqnvuufzksrb/Build/Intermediates.noindex/Kept.build/Debug-iphonesimulator/KeptUITests.build/Objects-normal/arm64/KeptUITests.SwiftConstValuesFileList --compile-time-extraction --deployment-aware-processing --validate-assistant-intents --no-app-shortcuts-localization
2026-10-09 16:51:44.871 appintentsmetadataprocessor[12980:40318] Starting appintentsmetadataprocessor export
2026-10-09 16:51:44.876 appintentsmetadataprocessor[12980:40318] warning: Metadata extraction skipped. No AppIntents.framework dependency found.

CopySwiftLibs /Users/runner/Library/Developer/Xcode/DerivedData/Kept-epodaxjxwtzzpkappqnvuufzksrb/Build/Products/Debug-iphonesimulator/KeptUITests-Runner.app/PlugIns/KeptUITests.xctest (in target 'KeptUITests' from project 'Kept')
    cd /Users/runner/work/Appsales/Appsales
    builtin-swiftStdLibTool --copy --verbose --scan-executable /Users/runner/Library/Developer/Xcode/DerivedData/Kept-epodaxjxwtzzpkappqnvuufzksrb/Build/Products/Debug-iphonesimulator/KeptUITests-Runner.app/PlugIns/KeptUITests.xctest/KeptUITests --scan-folder /Users/runner/Library/Developer/Xcode/DerivedData/Kept-epodaxjxwtzzpkappqnvuufzksrb/Build/Products/Debug-iphonesimulator/KeptUITests-Runner.app/PlugIns/KeptUITests.xctest/Frameworks --scan-folder /Users/runner/Library/Developer/Xcode/DerivedData/Kept-epodaxjxwtzzpkappqnvuufzksrb/Build/Products/Debug-iphonesimulator/KeptUITests-Runner.app/PlugIns/KeptUITests.xctest/PlugIns --scan-folder /Users/runner/Library/Developer/Xcode/DerivedData/Kept-epodaxjxwtzzpkappqnvuufzksrb/Build/Products/Debug-iphonesimulator/KeptUITests-Runner.app/PlugIns/KeptUITests.xctest/SystemExtensions --scan-folder /Users/runner/Library/Developer/Xcode/DerivedData/Kept-epodaxjxwtzzpkappqnvuufzksrb/Build/Products/Debug-iphonesimulator/KeptUITests-Runner.app/PlugIns/KeptUITests.xctest/Extensions --platform iphonesimulator --toolchain /var/run/com.apple.security.cryptexd/mnt/com.apple.MobileAsset.MetalToolchain-v17.3.7003.10.9Wja0I/Metal.xctoolchain --toolchain /Applications/Xcode_26.3.app/Contents/Developer/Toolchains/XcodeDefault.xctoolchain --destination /Users/runner/Library/Developer/Xcode/DerivedData/Kept-epodaxjxwtzzpkappqnvuufzksrb/Build/Products/Debug-iphonesimulator/KeptUITests-Runner.app/PlugIns/KeptUITests.xctest/Frameworks --strip-bitcode --scan-executable /Applications/Xcode_26.3.app/Contents/Developer/Platforms/iPhoneSimulator.platform/Developer/usr/lib/libXCTestSwiftSupport.dylib --strip-bitcode-tool /Applications/Xcode_26.3.app/Contents/Developer/Toolchains/XcodeDefault.xctoolchain/usr/bin/bitcode_strip --emit-dependency-info /Users/runner/Library/Developer/Xcode/DerivedData/Kept-epodaxjxwtzzpkappqnvuufzksrb/Build/Intermediates.noindex/Kept.build/Debug-iphonesimulator/KeptUITests.build/SwiftStdLibToolInputDependencies.dep --filter-for-swift-os --back-deploy-swift-span
Ignoring --strip-bitcode because --sign was not passed

AppIntentsSSUTraining (in target 'KeptUITests' from project 'Kept')
    cd /Users/runner/work/Appsales/Appsales
    /Applications/Xcode_26.3.app/Contents/Developer/Toolchains/XcodeDefault.xctoolchain/usr/bin/appintentsnltrainingprocessor --infoplist-path /Users/runner/Library/Developer/Xcode/DerivedData/Kept-epodaxjxwtzzpkappqnvuufzksrb/Build/Products/Debug-iphonesimulator/KeptUITests-Runner.app/PlugIns/KeptUITests.xctest/Info.plist --temp-dir-path /Users/runner/Library/Developer/Xcode/DerivedData/Kept-epodaxjxwtzzpkappqnvuufzksrb/Build/Intermediates.noindex/Kept.build/Debug-iphonesimulator/KeptUITests.build/ssu --bundle-id com.messagegabrielhere.kept.uitests --product-path /Users/runner/Library/Developer/Xcode/DerivedData/Kept-epodaxjxwtzzpkappqnvuufzksrb/Build/Products/Debug-iphonesimulator/KeptUITests-Runner.app/PlugIns/KeptUITests.xctest --extracted-metadata-path /Users/runner/Library/Developer/Xcode/DerivedData/Kept-epodaxjxwtzzpkappqnvuufzksrb/Build/Products/Debug-iphonesimulator/KeptUITests-Runner.app/PlugIns/KeptUITests.xctest/Metadata.appintents --metadata-file-list /Users/runner/Library/Developer/Xcode/DerivedData/Kept-epodaxjxwtzzpkappqnvuufzksrb/Build/Intermediates.noindex/Kept.build/Debug-iphonesimulator/KeptUITests.build/KeptUITests.DependencyMetadataFileList --archive-ssu-assets
2026-10-09 16:51:44.935 appintentsnltrainingprocessor[12981:40319] Parsing options for appintentsnltrainingprocessor
2026-10-09 16:51:44.936 appintentsnltrainingprocessor[12981:40319] No AppShortcuts found - Skipping.

MkDir /Users/runner/Library/Developer/Xcode/DerivedData/Kept-epodaxjxwtzzpkappqnvuufzksrb/Build/Products/Debug-iphonesimulator/KeptUITests-Runner.app (in target 'KeptUITests' from project 'Kept')
    cd /Users/runner/work/Appsales/Appsales
    /bin/mkdir -p /Users/runner/Library/Developer/Xcode/DerivedData/Kept-epodaxjxwtzzpkappqnvuufzksrb/Build/Products/Debug-iphonesimulator/KeptUITests-Runner.app

CopyAndPreserveArchs /Users/runner/Library/Developer/Xcode/DerivedData/Kept-epodaxjxwtzzpkappqnvuufzksrb/Build/Products/Debug-iphonesimulator/KeptUITests-Runner.app/KeptUITests-Runner (in target 'KeptUITests' from project 'Kept')
    cd /Users/runner/work/Appsales/Appsales
    /Applications/Xcode_26.3.app/Contents/Developer/Toolchains/XcodeDefault.xctoolchain/usr/bin/lipo /Applications/Xcode_26.3.app/Contents/Developer/Platforms/iPhoneSimulator.platform/Developer/Library/Xcode/Agents/XCTRunner.app/XCTRunner -output /Users/runner/Library/Developer/Xcode/DerivedData/Kept-epodaxjxwtzzpkappqnvuufzksrb/Build/Products/Debug-iphonesimulator/KeptUITests-Runner.app/KeptUITests-Runner -extract arm64

CopyPlistFile /Users/runner/Library/Developer/Xcode/DerivedData/Kept-epodaxjxwtzzpkappqnvuufzksrb/Build/Products/Debug-iphonesimulator/KeptUITests-Runner.app/Info.plist /Applications/Xcode_26.3.app/Contents/Developer/Platforms/iPhoneSimulator.platform/Developer/Library/Xcode/Agents/XCTRunner.app/Info.plist (in target 'KeptUITests' from project 'Kept')
    cd /Users/runner/work/Appsales/Appsales
    builtin-copyPlist --validate --convert xml1 --macro-expansion WRAPPEDPRODUCTNAME KeptUITests-Runner --macro-expansion WRAPPEDPRODUCTBUNDLEIDENTIFIER com.messagegabrielhere.kept.uitests.xctrunner --macro-expansion TESTPRODUCTNAME KeptUITests --macro-expansion TESTPRODUCTBUNDLEIDENTIFIER com.messagegabrielhere.kept.uitests --copy-value UIDeviceFamily /Users/runner/Library/Developer/Xcode/DerivedData/Kept-epodaxjxwtzzpkappqnvuufzksrb/Build/Products/Debug-iphonesimulator/KeptUITests-Runner.app/PlugIns/KeptUITests.xctest/Info.plist --outdir /Users/runner/Library/Developer/Xcode/DerivedData/Kept-epodaxjxwtzzpkappqnvuufzksrb/Build/Products/Debug-iphonesimulator/KeptUITests-Runner.app -- /Applications/Xcode_26.3.app/Contents/Developer/Platforms/iPhoneSimulator.platform/Developer/Library/Xcode/Agents/XCTRunner.app/Info.plist

Copy /Users/runner/Library/Developer/Xcode/DerivedData/Kept-epodaxjxwtzzpkappqnvuufzksrb/Build/Products/Debug-iphonesimulator/KeptUITests-Runner.app/PkgInfo /Applications/Xcode_26.3.app/Contents/Developer/Platforms/iPhoneSimulator.platform/Developer/Library/Xcode/Agents/XCTRunner.app/PkgInfo (in target 'KeptUITests' from project 'Kept')
    cd /Users/runner/work/Appsales/Appsales
    builtin-copy -exclude .DS_Store -exclude CVS -exclude .svn -exclude .git -exclude .hg -resolve-src-symlinks /Applications/Xcode_26.3.app/Contents/Developer/Platforms/iPhoneSimulator.platform/Developer/Library/Xcode/Agents/XCTRunner.app/PkgInfo /Users/runner/Library/Developer/Xcode/DerivedData/Kept-epodaxjxwtzzpkappqnvuufzksrb/Build/Products/Debug-iphonesimulator/KeptUITests-Runner.app

Copy /Users/runner/Library/Developer/Xcode/DerivedData/Kept-epodaxjxwtzzpkappqnvuufzksrb/Build/Products/Debug-iphonesimulator/KeptUITests-Runner.app/Frameworks/libXCTestSwiftSupport.dylib /Applications/Xcode_26.3.app/Contents/Developer/Platforms/iPhoneSimulator.platform/Developer/usr/lib/libXCTestSwiftSupport.dylib (in target 'KeptUITests' from project 'Kept')
    cd /Users/runner/work/Appsales/Appsales
    builtin-copy -exclude .DS_Store -exclude CVS -exclude .svn -exclude .git -exclude .hg -exclude Headers -exclude PrivateHeaders -exclude Modules -exclude \*.tbd -resolve-src-symlinks /Applications/Xcode_26.3.app/Contents/Developer/Platforms/iPhoneSimulator.platform/Developer/usr/lib/libXCTestSwiftSupport.dylib /Users/runner/Library/Developer/Xcode/DerivedData/Kept-epodaxjxwtzzpkappqnvuufzksrb/Build/Products/Debug-iphonesimulator/KeptUITests-Runner.app/Frameworks

Copy /Users/runner/Library/Developer/Xcode/DerivedData/Kept-epodaxjxwtzzpkappqnvuufzksrb/Build/Products/Debug-iphonesimulator/KeptUITests-Runner.app/Frameworks/XCUnit.framework /Applications/Xcode_26.3.app/Contents/Developer/Platforms/iPhoneSimulator.platform/Developer/Library/PrivateFrameworks/XCUnit.framework (in target 'KeptUITests' from project 'Kept')
    cd /Users/runner/work/Appsales/Appsales
    builtin-copy -exclude .DS_Store -exclude CVS -exclude .svn -exclude .git -exclude .hg -exclude Headers -exclude PrivateHeaders -exclude Modules -exclude \*.tbd -resolve-src-symlinks /Applications/Xcode_26.3.app/Contents/Developer/Platforms/iPhoneSimulator.platform/Developer/Library/PrivateFrameworks/XCUnit.framework /Users/runner/Library/Developer/Xcode/DerivedData/Kept-epodaxjxwtzzpkappqnvuufzksrb/Build/Products/Debug-iphonesimulator/KeptUITests-Runner.app/Frameworks

Copy /Users/runner/Library/Developer/Xcode/DerivedData/Kept-epodaxjxwtzzpkappqnvuufzksrb/Build/Products/Debug-iphonesimulator/KeptUITests-Runner.app/Frameworks/XCUIAutomation.framework /Applications/Xcode_26.3.app/Contents/Developer/Platforms/iPhoneSimulator.platform/Developer/Library/Frameworks/XCUIAutomation.framework (in target 'KeptUITests' from project 'Kept')
    cd /Users/runner/work/Appsales/Appsales
    builtin-copy -exclude .DS_Store -exclude CVS -exclude .svn -exclude .git -exclude .hg -exclude Headers -exclude PrivateHeaders -exclude Modules -exclude \*.tbd -resolve-src-symlinks /Applications/Xcode_26.3.app/Contents/Developer/Platforms/iPhoneSimulator.platform/Developer/Library/Frameworks/XCUIAutomation.framework /Users/runner/Library/Developer/Xcode/DerivedData/Kept-epodaxjxwtzzpkappqnvuufzksrb/Build/Products/Debug-iphonesimulator/KeptUITests-Runner.app/Frameworks

Copy /Users/runner/Library/Developer/Xcode/DerivedData/Kept-epodaxjxwtzzpkappqnvuufzksrb/Build/Products/Debug-iphonesimulator/KeptUITests-Runner.app/Frameworks/XCTestSupport.framework /Applications/Xcode_26.3.app/Contents/Developer/Platforms/iPhoneSimulator.platform/Developer/Library/PrivateFrameworks/XCTestSupport.framework (in target 'KeptUITests' from project 'Kept')
    cd /Users/runner/work/Appsales/Appsales
    builtin-copy -exclude .DS_Store -exclude CVS -exclude .svn -exclude .git -exclude .hg -exclude Headers -exclude PrivateHeaders -exclude Modules -exclude \*.tbd -resolve-src-symlinks /Applications/Xcode_26.3.app/Contents/Developer/Platforms/iPhoneSimulator.platform/Developer/Library/PrivateFrameworks/XCTestSupport.framework /Users/runner/Library/Developer/Xcode/DerivedData/Kept-epodaxjxwtzzpkappqnvuufzksrb/Build/Products/Debug-iphonesimulator/KeptUITests-Runner.app/Frameworks

Copy /Users/runner/Library/Developer/Xcode/DerivedData/Kept-epodaxjxwtzzpkappqnvuufzksrb/Build/Products/Debug-iphonesimulator/KeptUITests-Runner.app/Frameworks/XCTestCore.framework /Applications/Xcode_26.3.app/Contents/Developer/Platforms/iPhoneSimulator.platform/Developer/Library/PrivateFrameworks/XCTestCore.framework (in target 'KeptUITests' from project 'Kept')
    cd /Users/runner/work/Appsales/Appsales
    builtin-copy -exclude .DS_Store -exclude CVS -exclude .svn -exclude .git -exclude .hg -exclude Headers -exclude PrivateHeaders -exclude Modules -exclude \*.tbd -resolve-src-symlinks /Applications/Xcode_26.3.app/Contents/Developer/Platforms/iPhoneSimulator.platform/Developer/Library/PrivateFrameworks/XCTestCore.framework /Users/runner/Library/Developer/Xcode/DerivedData/Kept-epodaxjxwtzzpkappqnvuufzksrb/Build/Products/Debug-iphonesimulator/KeptUITests-Runner.app/Frameworks

Copy /Users/runner/Library/Developer/Xcode/DerivedData/Kept-epodaxjxwtzzpkappqnvuufzksrb/Build/Products/Debug-iphonesimulator/KeptUITests-Runner.app/Frameworks/XCTest.framework /Applications/Xcode_26.3.app/Contents/Developer/Platforms/iPhoneSimulator.platform/Developer/Library/Frameworks/XCTest.framework (in target 'KeptUITests' from project 'Kept')
    cd /Users/runner/work/Appsales/Appsales
    builtin-copy -exclude .DS_Store -exclude CVS -exclude .svn -exclude .git -exclude .hg -exclude Headers -exclude PrivateHeaders -exclude Modules -exclude \*.tbd -resolve-src-symlinks /Applications/Xcode_26.3.app/Contents/Developer/Platforms/iPhoneSimulator.platform/Developer/Library/Frameworks/XCTest.framework /Users/runner/Library/Developer/Xcode/DerivedData/Kept-epodaxjxwtzzpkappqnvuufzksrb/Build/Products/Debug-iphonesimulator/KeptUITests-Runner.app/Frameworks

Copy /Users/runner/Library/Developer/Xcode/DerivedData/Kept-epodaxjxwtzzpkappqnvuufzksrb/Build/Products/Debug-iphonesimulator/KeptUITests-Runner.app/Frameworks/XCTAutomationSupport.framework /Applications/Xcode_26.3.app/Contents/Developer/Platforms/iPhoneSimulator.platform/Developer/Library/PrivateFrameworks/XCTAutomationSupport.framework (in target 'KeptUITests' from project 'Kept')
    cd /Users/runner/work/Appsales/Appsales
    builtin-copy -exclude .DS_Store -exclude CVS -exclude .svn -exclude .git -exclude .hg -exclude Headers -exclude PrivateHeaders -exclude Modules -exclude \*.tbd -resolve-src-symlinks /Applications/Xcode_26.3.app/Contents/Developer/Platforms/iPhoneSimulator.platform/Developer/Library/PrivateFrameworks/XCTAutomationSupport.framework /Users/runner/Library/Developer/Xcode/DerivedData/Kept-epodaxjxwtzzpkappqnvuufzksrb/Build/Products/Debug-iphonesimulator/KeptUITests-Runner.app/Frameworks

Copy /Users/runner/Library/Developer/Xcode/DerivedData/Kept-epodaxjxwtzzpkappqnvuufzksrb/Build/Products/Debug-iphonesimulator/KeptUITests-Runner.app/Frameworks/Testing.framework /Applications/Xcode_26.3.app/Contents/Developer/Platforms/iPhoneSimulator.platform/Developer/Library/Frameworks/Testing.framework (in target 'KeptUITests' from project 'Kept')
    cd /Users/runner/work/Appsales/Appsales
    builtin-copy -exclude .DS_Store -exclude CVS -exclude .svn -exclude .git -exclude .hg -exclude Headers -exclude PrivateHeaders -exclude Modules -exclude \*.tbd -resolve-src-symlinks /Applications/Xcode_26.3.app/Contents/Developer/Platforms/iPhoneSimulator.platform/Developer/Library/Frameworks/Testing.framework /Users/runner/Library/Developer/Xcode/DerivedData/Kept-epodaxjxwtzzpkappqnvuufzksrb/Build/Products/Debug-iphonesimulator/KeptUITests-Runner.app/Frameworks

RegisterExecutionPolicyException /Users/runner/Library/Developer/Xcode/DerivedData/Kept-epodaxjxwtzzpkappqnvuufzksrb/Build/Products/Debug-iphonesimulator/KeptUITests-Runner.app/PlugIns/KeptUITests.xctest (in target 'KeptUITests' from project 'Kept')
    cd /Users/runner/work/Appsales/Appsales
    builtin-RegisterExecutionPolicyException /Users/runner/Library/Developer/Xcode/DerivedData/Kept-epodaxjxwtzzpkappqnvuufzksrb/Build/Products/Debug-iphonesimulator/KeptUITests-Runner.app/PlugIns/KeptUITests.xctest

Touch /Users/runner/Library/Developer/Xcode/DerivedData/Kept-epodaxjxwtzzpkappqnvuufzksrb/Build/Products/Debug-iphonesimulator/KeptUITests-Runner.app/PlugIns/KeptUITests.xctest (in target 'KeptUITests' from project 'Kept')
    cd /Users/runner/work/Appsales/Appsales
    /usr/bin/touch -c /Users/runner/Library/Developer/Xcode/DerivedData/Kept-epodaxjxwtzzpkappqnvuufzksrb/Build/Products/Debug-iphonesimulator/KeptUITests-Runner.app/PlugIns/KeptUITests.xctest

2026-10-09 16:52:18.719290+0000 KeptUITests-Runner[14090:43202] [Default] Running tests...
2026-10-09 16:52:18.852922+0000 KeptUITests-Runner[14090:43706] [General] Failed to send CA Event for app launch measurements for ca_event_type: 0 event_name: com.apple.app_launch_measurement.FirstFramePresentationMetric
2026-10-09 16:52:18.899718+0000 KeptUITests-Runner[14090:43706] [General] Failed to send CA Event for app launch measurements for ca_event_type: 1 event_name: com.apple.app_launch_measurement.ExtendedLaunchMetrics
    t =      nans Interface orientation changed to Portrait
Test Suite 'All tests' started at 2026-10-09 16:52:29.149.
Test Suite 'KeptUITests.xctest' started at 2026-10-09 16:52:29.150.
Test Suite 'UserJourneyTests' started at 2026-10-09 16:52:29.151.
Test Case '-[KeptUITests.UserJourneyTests test1_NewUserTypesTheirDay]' started.
    t =     0.00s Start Test at 2026-10-09 16:52:29.154
    t =     0.81s Set Up
    t =     0.82s Open com.messagegabrielhere.kept
    t =     0.82s     Launch com.messagegabrielhere.kept
    t =    11.10s         Setting up automation session
    t =    12.71s         Wait for com.messagegabrielhere.kept to idle
    t =    16.87s Added attachment named 'first-launch-1'
    t =    16.89s Waiting 5.0s for "Continue" Button to exist
    t =    17.93s     Checking `Expect predicate `existsNoRetry == 1` for object "Continue" Button`
    t =    17.93s         Checking existence of `"Continue" Button`
    t =    22.15s         Capturing element debug description
    t =    22.15s     Checking existence of `"Continue" Button`
    t =    25.72s Tap "Continue" Button
    t =    25.72s     Wait for com.messagegabrielhere.kept to idle
    t =    25.73s     Find the "Continue" Button
    t =    26.35s     Check for interrupting elements affecting "Continue" Button
    t =    27.50s     Synthesize event
    t =    28.06s     Wait for com.messagegabrielhere.kept to idle
    t =    28.29s Waiting 5.0s for "Type a list" Button to exist
    t =    29.33s     Checking `Expect predicate `existsNoRetry == 1` for object "Type a list" Button`
    t =    29.33s         Checking existence of `"Type a list" Button`
    t =    31.06s Added attachment named 'today-empty-2'
    t =    31.07s Tap "Type a list" Button
    t =    31.07s     Wait for com.messagegabrielhere.kept to idle
    t =    31.08s     Find the "Type a list" Button
    t =    33.26s     Check for interrupting elements affecting "Type a list" Button
    t =    35.72s     Synthesize event
    t =    36.21s     Wait for com.messagegabrielhere.kept to idle
    t =    37.70s Waiting 5.0s for TextView (First Match) to exist
    t =    38.70s     Checking `Expect predicate `existsNoRetry == 1` for object TextView (First Match)`
    t =    38.70s         Checking existence of `TextView (First Match)`
    t =    42.97s         Capturing element debug description
    t =    44.79s     Checking existence of `TextView (First Match)`
    t =    52.05s Tap TextView (First Match)
    t =    52.05s     Wait for com.messagegabrielhere.kept to idle
    t =    52.08s     Find the TextView (First Match)
    t =    57.58s     Check for interrupting elements affecting TextView
    t =    58.18s     Synthesize event
    t =    58.51s     Wait for com.messagegabrielhere.kept to idle
    t =    58.52s Type 'Breakfast 3 eggs a...' into TextView at {{40.0, 170.7}, {322.0, 240.3}}
    t =    58.52s     Wait for com.messagegabrielhere.kept to idle
    t =    58.67s     Find the TextView at {{40.0, 170.7}, {322.0, 240.3}}
    t =    63.10s     Check for interrupting elements affecting TextView
    t =    63.33s     Synthesize event
    t =    66.08s     Wait for com.messagegabrielhere.kept to idle
    t =    66.08s Checking existence of `"Continue" Button`
    t =    66.54s Waiting 5.0s for "Add 8" Button to exist
    t =    67.58s     Checking `Expect predicate `existsNoRetry == 1` for object "Add 8" Button`
    t =    67.59s         Checking existence of `"Add 8" Button`
    t =    68.22s Added attachment named 'type-a-list-preview-3'
    t =    68.23s Tap "Add 8" Button
    t =    68.23s     Wait for com.messagegabrielhere.kept to idle
    t =    68.24s     Find the "Add 8" Button
    t =    68.42s     Check for interrupting elements affecting "Add 8" Button
    t =    68.62s     Synthesize event
    t =    68.97s     Wait for com.messagegabrielhere.kept to idle
    t =    69.96s Added attachment named 'today-after-list-4'
    t =    69.96s Checking existence of `"500 ml" StaticText`
    t =    70.51s Checking existence of `StaticText (First Match)`
    t =    70.85s Swipe up Target Application 'com.messagegabrielhere.kept'
    t =    70.85s     Wait for com.messagegabrielhere.kept to idle
    t =    70.86s     Find the Target Application 'com.messagegabrielhere.kept'
    t =    70.97s     Check for interrupting elements affecting "Fuelprint" Application
    t =    71.04s     Synthesize event
    t =    71.48s     Wait for com.messagegabrielhere.kept to idle
    t =    72.24s Waiting 5.0s for StaticText (First Match) to exist
    t =    73.30s     Checking `Expect predicate `existsNoRetry == 1` for object StaticText (First Match)`
    t =    73.30s         Checking existence of `StaticText (First Match)`
    t =    73.72s Added attachment named 'today-scrolled-5'
    t =    73.72s Swipe down Target Application 'com.messagegabrielhere.kept'
    t =    73.72s     Wait for com.messagegabrielhere.kept to idle
    t =    73.73s     Find the Target Application 'com.messagegabrielhere.kept'
    t =    73.79s     Check for interrupting elements affecting "Fuelprint" Application
    t =    73.86s     Synthesize event
    t =    74.29s     Wait for com.messagegabrielhere.kept to idle
    t =    75.04s Checking existence of `"Speak" Button`
    t =    75.14s Tap "Speak" Button
    t =    75.14s     Wait for com.messagegabrielhere.kept to idle
    t =    75.15s     Find the "Speak" Button
    t =    75.22s     Check for interrupting elements affecting "Speak" Button
    t =    75.32s     Synthesize event
    t =    75.63s     Wait for com.messagegabrielhere.kept to idle
    t =    77.77s Tap Target Application 'com.messagegabrielhere.kept'
    t =    77.77s     Wait for com.messagegabrielhere.kept to idle
    t =    77.79s     Find the Target Application 'com.messagegabrielhere.kept'
    t =    77.90s     Check for interrupting elements affecting "Fuelprint" Application
    t =    77.93s         Wait for com.apple.springboard to idle
    t =    78.25s     Found 1 interrupting element:
    t =    78.25s         Find the "“Fuelprint” Would Like to Access Speech Recognition" Alert
    t =    78.30s "“Fuelprint” Would Like to Access Speech Recognition" Alert from Application 'com.apple.springboard'
    t =    78.30s     Invoking UI interruption monitors for "“Fuelprint” Would Like to Access Speech Recognition" Alert from Application 'com.apple.springboard'
    t =    78.30s Invoking Permissions
    t =    78.30s             Checking existence of `"Allow" Button`
    t =    78.40s             Tap "Allow" Button
    t =    78.40s                 Wait for com.apple.springboard to idle
    t =    78.40s                 Find the "Allow" Button
    t =    78.47s                 Check for interrupting elements affecting "Allow" Button
    t =    78.53s                 Synthesize event
    t =    78.82s                 Wait for com.apple.springboard to idle
    t =    79.12s         Verifying handling...
    t =    79.14s             Wait for com.apple.springboard to idle
    t =    79.63s Confirmed successful handling of interrupting element
    t =    79.63s     Find the "“Fuelprint” Would Like to Access the Microphone" Alert
    t =    79.67s     Invoking UI interruption monitors for "“Fuelprint” Would Like to Access the Microphone" Alert from Application 'com.apple.springboard'
    t =    79.67s Invoking Permissions
    t =    79.67s             Checking existence of `"Allow" Button`
    t =    79.74s             Tap "Allow" Button
    t =    79.74s                 Wait for com.apple.springboard to idle
    t =    79.75s                 Find the "Allow" Button
    t =    79.81s                 Check for interrupting elements affecting "Allow" Button
    t =    79.90s                 Synthesize event
    t =    80.20s                 Wait for com.apple.springboard to idle
    t =    80.44s         Verifying handling...
    t =    86.67s Confirmed successful handling of interrupting element
    t =    86.68s     Synthesize event
    t =    87.86s     Wait for com.messagegabrielhere.kept to idle
    t =    88.13s Added attachment named 'speak-6'
    t =    88.13s Checking existence of `"Cancel" Button`
    t =    88.84s Tap "Cancel" Button
    t =    88.84s     Wait for com.messagegabrielhere.kept to idle
    t =    88.88s     Find the "Cancel" Button
    t =    89.31s     Check for interrupting elements affecting "Cancel" Button
    t =    89.46s     Synthesize event
    t =    89.82s     Wait for com.messagegabrielhere.kept to idle
    t =    90.01s Checking existence of `"Scan label" Button`
    t =    90.35s Tap "Scan label" Button
    t =    90.35s     Wait for com.messagegabrielhere.kept to idle
    t =    90.51s     Find the "Scan label" Button
    t =    90.67s     Check for interrupting elements affecting "Scan label" Button
    t =    90.73s     Synthesize event
    t =    91.05s     Wait for com.messagegabrielhere.kept to idle
    t =    92.42s Added attachment named 'scan-label-7'
    t =    92.42s Checking existence of `"Cancel" Button`
    t =    92.51s Tap "Cancel" Button
    t =    92.51s     Wait for com.messagegabrielhere.kept to idle
    t =    92.52s     Find the "Cancel" Button
    t =    92.60s     Check for interrupting elements affecting "Cancel" Button
    t =    92.71s     Synthesize event
    t =    93.07s     Wait for com.messagegabrielhere.kept to idle
    t =    93.58s Tear Down
Test Case '-[KeptUITests.UserJourneyTests test1_NewUserTypesTheirDay]' passed (93.994 seconds).
Test Case '-[KeptUITests.UserJourneyTests test2_AskAIAndSendToGrok]' started.
    t =     0.00s Start Test at 2026-10-09 16:54:03.149
    t =     0.09s Set Up
    t =     0.09s Open com.messagegabrielhere.kept
    t =     0.09s     Launch com.messagegabrielhere.kept
    t =     0.09s         Terminate com.messagegabrielhere.kept:14699
    t =     2.23s         Setting up automation session
    t =     5.21s         Wait for com.messagegabrielhere.kept to idle
    t =     8.06s Tap "Ask AI" Button
    t =     8.06s     Wait for com.messagegabrielhere.kept to idle
    t =     8.06s     Find the "Ask AI" Button
    t =     8.44s     Check for interrupting elements affecting "Ask AI" Button
    t =     8.52s     Synthesize event
    t =     8.84s     Wait for com.messagegabrielhere.kept to idle
    t =     9.14s Waiting 5.0s for "Send to AI" Button to exist
    t =    10.18s     Checking `Expect predicate `existsNoRetry == 1` for object "Send to AI" Button`
    t =    10.18s         Checking existence of `"Send to AI" Button`
    t =    10.46s Added attachment named 'ask-ai-1'
    t =    10.47s Tap "Send to AI" Button
    t =    10.47s     Wait for com.messagegabrielhere.kept to idle
    t =    10.47s     Find the "Send to AI" Button
    t =    10.54s     Check for interrupting elements affecting "Send to AI" Button
    t =    10.65s     Synthesize event
    t =    10.99s     Wait for com.messagegabrielhere.kept to idle
    t =    11.32s Waiting 3.0s for "I Understand" Button to exist
    t =    12.37s     Checking `Expect predicate `existsNoRetry == 1` for object "I Understand" Button`
    t =    12.37s         Checking existence of `"I Understand" Button`
    t =    12.63s         Capturing element debug description
    t =    13.33s     Checking `Expect predicate `existsNoRetry == 1` for object "I Understand" Button`
    t =    13.34s         Checking existence of `"I Understand" Button`
    t =    13.51s         Capturing element debug description
    t =    14.33s     Checking `Expect predicate `existsNoRetry == 1` for object "I Understand" Button`
    t =    14.33s         Checking existence of `"I Understand" Button`
    t =    14.49s         Capturing element debug description
    t =    14.49s     Checking existence of `"I Understand" Button`
    t =    14.62s Collecting debug information to assist test failure triage
    t =    14.62s     Requesting snapshot of accessibility hierarchy for app with pid 16318
    t =    14.90s Waiting 5.0s for "Send to AI" NavigationBar to exist
    t =    15.93s     Checking `Expect predicate `existsNoRetry == 1` for object "Send to AI" NavigationBar`
    t =    15.93s         Checking existence of `"Send to AI" NavigationBar`
    t =    16.26s Added attachment named 'send-sheet-2'
    t =    16.26s Find the Button (First Match)
    t =    16.57s Swipe up Target Application 'com.messagegabrielhere.kept'
    t =    16.57s     Wait for com.messagegabrielhere.kept to idle
    t =    16.58s     Find the Target Application 'com.messagegabrielhere.kept'
    t =    16.67s     Check for interrupting elements affecting "Fuelprint" Application
    t =    16.80s     Synthesize event
    t =    17.25s     Wait for com.messagegabrielhere.kept to idle
    t =    17.74s Waiting 3.0s for "Grok, Copies your prompt, then opens Grok" Button to exist
    t =    18.78s     Checking `Expect predicate `existsNoRetry == 1` for object "Grok, Copies your prompt, then opens Grok" Button`
    t =    18.78s         Checking existence of `"Grok, Copies your prompt, then opens Grok" Button`
    t =    19.09s Tap "Grok, Copies your prompt, then opens Grok" Button
    t =    19.09s     Wait for com.messagegabrielhere.kept to idle
    t =    19.09s     Find the "Grok, Copies your prompt, then opens Grok" Button
    t =    19.33s     Check for interrupting elements affecting "Grok, Copies your prompt, then opens Grok" Button
    t =    19.46s     Synthesize event
    t =    19.84s     Wait for com.messagegabrielhere.kept to idle
    t =    20.11s Wait for com.apple.mobilesafari to become Running Foreground
    t =    29.41s Added attachment named 'grok-opened-3'
    t =    29.50s Open com.messagegabrielhere.kept
    t =    29.50s     Activate com.messagegabrielhere.kept
    t =    29.97s         Wait for com.messagegabrielhere.kept to idle
    t =    30.65s Waiting 5.0s for "Your prompt is copied" StaticText to exist
    t =    31.74s     Checking `Expect predicate `existsNoRetry == 1` for object "Your prompt is copied" StaticText`
    t =    31.74s         Checking existence of `"Your prompt is copied" StaticText`
    t =    32.27s Added attachment named 'send-sheet-after-grok-4'
    t =    32.28s Tear Down
Test Case '-[KeptUITests.UserJourneyTests test2_AskAIAndSendToGrok]' passed (32.586 seconds).
Test Case '-[KeptUITests.UserJourneyTests test3_PasteGrokAnswerBack]' started.
    t =     0.00s Start Test at 2026-10-09 16:54:35.735
    t =     0.05s Set Up
    t =     0.05s Open com.messagegabrielhere.kept
    t =     0.05s     Launch com.messagegabrielhere.kept
    t =     0.05s         Terminate com.messagegabrielhere.kept:16318
    t =     2.35s         Setting up automation session
    t =     3.69s         Wait for com.messagegabrielhere.kept to idle
    t =     5.90s Tap "Ask AI" Button
    t =     5.90s     Wait for com.messagegabrielhere.kept to idle
    t =     5.90s     Find the "Ask AI" Button
    t =     6.22s     Check for interrupting elements affecting "Ask AI" Button
    t =     6.33s     Synthesize event
    t =     6.65s     Wait for com.messagegabrielhere.kept to idle
    t =     6.78s Waiting 5.0s for "Send to AI" Button to exist
    t =     7.81s     Checking `Expect predicate `existsNoRetry == 1` for object "Send to AI" Button`
    t =     7.81s         Checking existence of `"Send to AI" Button`
    t =     7.96s Find the "Paste" Button
    t =    10.08s     Find the "Paste" Button (retry 1)
    t =    11.55s     Find the "Paste" Button (retry 2)
    t =    11.99s Swipe up CollectionView (First Match)
    t =    11.99s     Wait for com.messagegabrielhere.kept to idle
    t =    12.02s     Find the CollectionView (First Match)
    t =    12.08s     Check for interrupting elements affecting CollectionView
    t =    12.18s     Synthesize event
    t =    12.81s     Wait for com.messagegabrielhere.kept to idle
    t =    14.86s Find the "Paste" Button
    t =    16.33s     Find the "Paste" Button (retry 1)
    t =    17.80s     Find the "Paste" Button (retry 2)
    t =    19.59s Swipe up CollectionView (First Match)
    t =    19.59s     Wait for com.messagegabrielhere.kept to idle
    t =    19.63s     Find the CollectionView (First Match)
    t =    20.30s     Check for interrupting elements affecting CollectionView
    t =    20.42s     Synthesize event
    t =    21.22s     Wait for com.messagegabrielhere.kept to idle
    t =    23.29s Find the "Paste" Button
    t =    26.14s     Find the "Paste" Button (retry 1)
    t =    28.16s     Find the "Paste" Button (retry 2)
    t =    29.38s Swipe up CollectionView (First Match)
    t =    29.38s     Wait for com.messagegabrielhere.kept to idle
    t =    29.39s     Find the CollectionView (First Match)
    t =    29.76s     Check for interrupting elements affecting CollectionView
    t =    29.91s     Synthesize event
    t =    30.85s     Wait for com.messagegabrielhere.kept to idle
    t =    32.81s Find the "Paste" Button
    t =    33.70s Find the "Paste" Button
    t =    34.74s Find the "Paste" Button
    t =    35.53s Find the "Paste" Button
    t =    36.40s Find the "Paste" Button
    t =    37.45s Find the "Paste" Button
    t =    38.31s Find the "Paste" Button
    t =    38.87s Find the "Paste" Button
    t =    39.33s Find the "Paste" Button
    t =    40.02s Find the "Paste" Button
    t =    40.37s Tap "Paste" Button
    t =    40.37s     Wait for com.messagegabrielhere.kept to idle
    t =    40.37s     Find the "Paste" Button
    t =    40.92s     Check for interrupting elements affecting "Paste" Button
    t =    41.01s     Synthesize event
    t =    41.33s     Wait for com.messagegabrielhere.kept to idle
    t =    41.34s Waiting 5.0s for StaticText (First Match) to exist
    t =    42.34s     Checking `Expect predicate `existsNoRetry == 1` for object StaticText (First Match)`
    t =    42.35s         Checking existence of `StaticText (First Match)`
    t =    43.04s Added attachment named 'answer-saved-1'
    t =    43.04s Tap "History" Button
    t =    43.04s     Wait for com.messagegabrielhere.kept to idle
    t =    43.05s     Find the "History" Button
    t =    43.18s     Check for interrupting elements affecting "calendar" Button
    t =    43.26s     Synthesize event
    t =    43.59s     Wait for com.messagegabrielhere.kept to idle
    t =    43.82s Waiting 5.0s for Button (First Match) to exist
    t =    44.88s     Checking `Expect predicate `existsNoRetry == 1` for object Button (First Match)`
    t =    44.88s         Checking existence of `Button (First Match)`
    t =    45.39s Added attachment named 'history-2'
    t =    45.39s Tap Button (First Match)
    t =    45.39s     Wait for com.messagegabrielhere.kept to idle
    t =    45.40s     Find the Button (First Match)
    t =    45.73s     Check for interrupting elements affecting "Trends: calories, protein, water and more" Button
    t =    45.83s     Synthesize event
    t =    46.17s     Wait for com.messagegabrielhere.kept to idle
    t =    48.25s Added attachment named 'trends-3'
    t =    48.26s Swipe up Target Application 'com.messagegabrielhere.kept'
    t =    48.26s     Wait for com.messagegabrielhere.kept to idle
    t =    48.26s     Find the Target Application 'com.messagegabrielhere.kept'
    t =    48.49s     Check for interrupting elements affecting "Fuelprint" Application
    t =    48.60s     Synthesize event
    t =    49.03s     Wait for com.messagegabrielhere.kept to idle
    t =    51.41s Added attachment named 'trends-scrolled-4'
    t =    51.41s Tear Down
Test Case '-[KeptUITests.UserJourneyTests test3_PasteGrokAnswerBack]' passed (51.663 seconds).
Test Case '-[KeptUITests.UserJourneyTests test4_SettingsAndProfile]' started.
    t =     0.00s Start Test at 2026-10-09 16:55:27.398
    t =     0.04s Set Up
    t =     0.04s Open com.messagegabrielhere.kept
    t =     0.04s     Launch com.messagegabrielhere.kept
    t =     0.04s         Terminate com.messagegabrielhere.kept:17150
    t =     1.81s         Setting up automation session
    t =     3.51s         Wait for com.messagegabrielhere.kept to idle
    t =     5.61s Waiting 5.0s for "Settings" Button to exist
    t =     6.63s     Checking `Expect predicate `existsNoRetry == 1` for object "Settings" Button`
    t =     6.63s         Checking existence of `"Settings" Button`
    t =     6.77s Tap "Settings" Button
    t =     6.77s     Wait for com.messagegabrielhere.kept to idle
    t =     6.81s     Find the "Settings" Button
    t =     6.92s     Check for interrupting elements affecting "Settings" Button
    t =     7.05s     Synthesize event
    t =     7.40s     Wait for com.messagegabrielhere.kept to idle
    t =     9.18s Added attachment named 'settings-1'
    t =     9.19s Swipe up Target Application 'com.messagegabrielhere.kept'
    t =     9.19s     Wait for com.messagegabrielhere.kept to idle
    t =     9.19s     Find the Target Application 'com.messagegabrielhere.kept'
    t =     9.40s     Check for interrupting elements affecting "Fuelprint" Application
    t =     9.50s     Synthesize event
    t =     9.93s     Wait for com.messagegabrielhere.kept to idle
    t =    10.56s Added attachment named 'settings-scrolled-2'
    t =    10.56s Checking existence of `"Cancel" Button`
    t =    10.70s Checking existence of `"Done" Button`
    t =    10.81s Tap "Done" Button
    t =    10.81s     Wait for com.messagegabrielhere.kept to idle
    t =    10.81s     Find the "Done" Button
    t =    10.86s     Check for interrupting elements affecting "Done" Button
    t =    10.96s     Synthesize event
    t =    11.26s     Wait for com.messagegabrielhere.kept to idle
    t =    11.35s Tap "Ask AI" Button
    t =    11.35s     Wait for com.messagegabrielhere.kept to idle
    t =    11.90s     Find the "Ask AI" Button
    t =    12.05s     Check for interrupting elements affecting "Ask AI" Button
    t =    12.10s     Synthesize event
    t =    12.40s     Wait for com.messagegabrielhere.kept to idle
    t =    12.43s Find the Button (First Match)
    t =    14.63s     Find the Button (First Match) (retry 1)
    t =    15.99s     Find the Button (First Match) (retry 2)
    t =    16.43s Swipe up Target Application 'com.messagegabrielhere.kept'
    t =    16.43s     Wait for com.messagegabrielhere.kept to idle
    t =    16.45s     Find the Target Application 'com.messagegabrielhere.kept'
    t =    16.52s     Check for interrupting elements affecting "Fuelprint" Application
    t =    16.57s     Synthesize event
    t =    17.03s     Wait for com.messagegabrielhere.kept to idle
    t =    19.16s Find the Button (First Match)
    t =    20.67s     Find the Button (First Match) (retry 1)
    t =    22.04s     Find the Button (First Match) (retry 2)
    t =    22.44s Swipe up Target Application 'com.messagegabrielhere.kept'
    t =    22.44s     Wait for com.messagegabrielhere.kept to idle
    t =    22.44s     Find the Target Application 'com.messagegabrielhere.kept'
    t =    22.57s     Check for interrupting elements affecting "Fuelprint" Application
    t =    22.66s     Synthesize event
    t =    23.11s     Wait for com.messagegabrielhere.kept to idle
    t =    25.22s Find the Button (First Match)
    t =    26.40s Find the "My profile, 34 years · Female · 5 ft 6 in · 150 lb" Button
    t =    27.12s Find the "My profile, 34 years · Female · 5 ft 6 in · 150 lb" Button
    t =    27.65s Tap "My profile, 34 years · Female · 5 ft 6 in · 150 lb" Button
    t =    27.65s     Wait for com.messagegabrielhere.kept to idle
    t =    27.65s     Find the "My profile, 34 years · Female · 5 ft 6 in · 150 lb" Button
    t =    28.11s     Check for interrupting elements affecting "My profile, 34 years · Female · 5 ft 6 in · 150 lb" Button
    t =    28.20s     Synthesize event
    t =    28.52s     Wait for com.messagegabrielhere.kept to idle
    t =    29.92s Added attachment named 'profile-3'
    t =    29.93s Tear Down
Test Case '-[KeptUITests.UserJourneyTests test4_SettingsAndProfile]' passed (30.154 seconds).
Test Case '-[KeptUITests.UserJourneyTests test5_FreeUserMeetsTheUnlock]' started.
    t =     0.00s Start Test at 2026-10-09 16:55:57.553
    t =     0.03s Set Up
    t =     0.04s Open com.messagegabrielhere.kept
    t =     0.04s     Launch com.messagegabrielhere.kept
    t =     0.04s         Terminate com.messagegabrielhere.kept:19160
    t =     1.87s         Setting up automation session
    t =     3.57s         Wait for com.messagegabrielhere.kept to idle
    t =     5.98s Waiting 5.0s for "Continue" Button to exist
    t =     7.00s     Checking `Expect predicate `existsNoRetry == 1` for object "Continue" Button`
    t =     7.00s         Checking existence of `"Continue" Button`
    t =     7.31s Tap "Continue" Button
    t =     7.31s     Wait for com.messagegabrielhere.kept to idle
    t =     7.32s     Find the "Continue" Button
    t =     7.43s     Check for interrupting elements affecting "Continue" Button
    t =     7.51s     Synthesize event
    t =     7.89s     Wait for com.messagegabrielhere.kept to idle
    t =     8.22s Tap "Ask AI" Button
    t =     8.22s     Wait for com.messagegabrielhere.kept to idle
    t =     8.74s     Find the "Ask AI" Button
    t =     8.90s     Check for interrupting elements affecting "sparkles" Button
    t =     8.99s     Synthesize event
    t =     9.29s     Wait for com.messagegabrielhere.kept to idle
    t =     9.40s Waiting 5.0s for "Send to AI" Button to exist
    t =    10.41s     Checking `Expect predicate `existsNoRetry == 1` for object "Send to AI" Button`
    t =    10.42s         Checking existence of `"Send to AI" Button`
    t =    10.58s Checking existence of `StaticText (First Match)`
    t =    11.07s Added attachment named 'ask-ai-free-1'
    t =    11.07s Find the Button (First Match)
    t =    12.11s Swipe left ScrollView (First Match)
    t =    12.11s     Wait for com.messagegabrielhere.kept to idle
    t =    12.11s     Find the ScrollView (First Match)
    t =    12.39s     Check for interrupting elements affecting ScrollView
    t =    12.47s     Synthesize event
    t =    13.03s     Wait for com.messagegabrielhere.kept to idle
    t =    13.77s Tap "30 days" Button
    t =    13.77s     Wait for com.messagegabrielhere.kept to idle
    t =    13.77s     Find the "30 days" Button
    t =    14.20s     Check for interrupting elements affecting "30 days" Button
    t =    14.31s     Synthesize event
    t =    14.63s     Wait for com.messagegabrielhere.kept to idle
    t =    14.63s Tap "Send to AI" Button
    t =    14.63s     Wait for com.messagegabrielhere.kept to idle
    t =    14.63s     Find the "Send to AI" Button
    t =    14.79s     Check for interrupting elements affecting "Send to AI" Button
    t =    14.90s     Synthesize event
    t =    15.24s     Wait for com.messagegabrielhere.kept to idle
    t =    15.39s Waiting 5.0s for "Fuelprint Unlock" StaticText to exist
    t =    16.44s     Checking `Expect predicate `existsNoRetry == 1` for object "Fuelprint Unlock" StaticText`
    t =    16.44s         Checking existence of `"Fuelprint Unlock" StaticText`
    t =    16.70s Added attachment named 'unlock-2'
    t =    16.70s Tap "Not Now" Button
    t =    16.70s     Wait for com.messagegabrielhere.kept to idle
    t =    16.70s     Find the "Not Now" Button
    t =    16.80s     Check for interrupting elements affecting "Not Now" Button
    t =    16.90s     Synthesize event
    t =    17.21s     Wait for com.messagegabrielhere.kept to idle
    t =    17.68s Find the Button (First Match)
    t =    18.16s Swipe right ScrollView (First Match)
    t =    18.16s     Wait for com.messagegabrielhere.kept to idle
    t =    18.18s     Find the ScrollView (First Match)
    t =    18.41s     Check for interrupting elements affecting ScrollView
    t =    18.51s     Synthesize event
    t =    19.12s     Wait for com.messagegabrielhere.kept to idle
    t =    19.85s Tap "7 days" Button
    t =    19.86s     Wait for com.messagegabrielhere.kept to idle
    t =    19.86s     Find the "7 days" Button
    t =    20.26s     Check for interrupting elements affecting "7 days" Button
    t =    20.31s     Synthesize event
    t =    20.62s     Wait for com.messagegabrielhere.kept to idle
    t =    20.63s Tap "Send to AI" Button
    t =    20.63s     Wait for com.messagegabrielhere.kept to idle
    t =    20.64s     Find the "Send to AI" Button
    t =    20.72s     Check for interrupting elements affecting "Send to AI" Button
    t =    20.77s     Synthesize event
    t =    21.09s     Wait for com.messagegabrielhere.kept to idle
    t =    21.14s Waiting 3.0s for "I Understand" Button to exist
    t =    22.20s     Checking `Expect predicate `existsNoRetry == 1` for object "I Understand" Button`
    t =    22.20s         Checking existence of `"I Understand" Button`
    t =    22.28s Tap "I Understand" Button
    t =    22.28s     Wait for com.messagegabrielhere.kept to idle
    t =    22.28s     Find the "I Understand" Button
    t =    22.39s     Check for interrupting elements affecting "I Understand" Button
    t =    22.47s     Synthesize event
    t =    22.78s     Wait for com.messagegabrielhere.kept to idle
    t =    22.81s Waiting 5.0s for "Send to AI" NavigationBar to exist
    t =    23.86s     Checking `Expect predicate `existsNoRetry == 1` for object "Send to AI" NavigationBar`
    t =    23.86s         Checking existence of `"Send to AI" NavigationBar`
    t =    24.04s Tap "Done" Button
    t =    24.04s     Wait for com.messagegabrielhere.kept to idle
    t =    24.22s     Find the "Done" Button
    t =    24.38s     Check for interrupting elements affecting "Done" Button
    t =    24.50s     Synthesize event
    t =    24.82s     Wait for com.messagegabrielhere.kept to idle
    t =    25.28s Waiting 3.0s for StaticText (First Match) to exist
    t =    26.33s     Checking `Expect predicate `existsNoRetry == 1` for object StaticText (First Match)`
    t =    26.33s         Checking existence of `StaticText (First Match)`
    t =    27.16s Added attachment named 'ask-ai-after-one-3'
    t =    27.17s Tear Down
Test Case '-[KeptUITests.UserJourneyTests test5_FreeUserMeetsTheUnlock]' passed (27.418 seconds).
Test Suite 'UserJourneyTests' passed at 2026-10-09 16:56:24.974.
	 Executed 5 tests, with 0 failures (0 unexpected) in 235.815 (235.823) seconds
Test Suite 'KeptUITests.xctest' passed at 2026-10-09 16:56:24.975.
	 Executed 5 tests, with 0 failures (0 unexpected) in 235.815 (235.825) seconds
Test Suite 'All tests' passed at 2026-10-09 16:56:24.977.
	 Executed 5 tests, with 0 failures (0 unexpected) in 235.815 (235.828) seconds

Test session results, code coverage, and logs:
	/Users/runner/work/Appsales/Appsales/Journeys.xcresult

** TEST SUCCEEDED **

Testing started
